mot,poids_tfidf,langue,serie
s,0.4497221468303766,en,daybreak
hopper,0.4079793678918628,en,daybreak
know,0.31369833219703874,en,daybreak
garza,0.23129932596978708,en,daybreak
go,0.2135257555290768,en,daybreak
get,0.20403572195000672,en,daybreak
t,0.19876348107274558,en,daybreak
right,0.14076883142287286,en,daybreak
think,0.13707826280879004,en,daybreak
tell,0.1318060219315289,en,daybreak
come,0.11598929929974543,en,daybreak
m,0.11018983433475815,en,daybreak
dominguez,0.10971895138481416,en,daybreak
need,0.09806368031705749,en,daybreak
want,0.09700923214160527,en,daybreak
day,0.09542755987842692,en,daybreak
chad,0.0907903880159697,en,daybreak
look,0.09015531900116576,en,daybreak
man,0.08699197447480907,en,daybreak
guy,0.08397049705522311,en,daybreak
talk,0.08224695768527403,en,daybreak
murder,0.08011697827574778,en,daybreak
detweiler,0.07730198847566451,en,daybreak
time,0.07539304454483453,en,daybreak
find,0.0748658204571084,en,daybreak
kill,0.07328414819393006,en,daybreak
say,0.07275692410620395,en,daybreak
thing,0.0711752518430256,en,daybreak
detective,0.06851208726255673,en,daybreak
shelten,0.06768458758000367,en,daybreak
let,0.0674846832289428,en,daybreak
cop,0.06402807595570492,en,daybreak
happen,0.06379411461485998,en,daybreak
help,0.0543040810357899,en,daybreak
way,0.053249632860337674,en,daybreak
damien,0.051699391882201066,en,daybreak
today,0.05061351242170709,en,daybreak
booth,0.04902085665199676,en,daybreak
spivak,0.04873290305760264,en,daybreak
good,0.048504616070802635,en,daybreak
rita,0.047788965700307454,en,daybreak
buchalter,0.0460255195544025,en,daybreak
alberto,0.044691541472390454,en,daybreak
ask,0.04323237519354148,en,daybreak
leave,0.04323237519354148,en,daybreak
work,0.04217792701808924,en,daybreak
try,0.04217792701808924,en,daybreak
people,0.04165070293036313,en,daybreak
d,0.03848735840400644,en,daybreak
sorry,0.03848735840400644,en,daybreak
hear,0.03796013431628032,en,daybreak
call,0.03796013431628032,en,daybreak
wanna,0.037500952047977924,en,daybreak
case,0.0374329102285542,en,daybreak
hell,0.0374329102285542,en,daybreak
baxter,0.037174890717231804,en,daybreak
choi,0.03617886690622084,en,daybreak
disciple,0.03607888388840652,en,daybreak
thank,0.03585123796537586,en,daybreak
night,0.03585123796537586,en,daybreak
gun,0.035402135638055686,en,daybreak
run,0.03479678978992363,en,daybreak
wait,0.0337423416144714,en,daybreak
mean,0.03321511752674528,en,daybreak
away,0.032687893439019164,en,daybreak
contrera,0.032488602038401766,en,daybreak
listen,0.03216066935129305,en,daybreak
morning,0.031106221175840817,en,daybreak
maybe,0.031106221175840817,en,daybreak
isabella,0.03097907559769317,en,daybreak
hop,0.030740929214634616,en,daybreak
hourglass,0.03063036271704488,en,daybreak
little,0.030578997088114703,en,daybreak
take,0.030578997088114703,en,daybreak
understand,0.03005177300038859,en,daybreak
forasz,0.029781218535201614,en,daybreak
kid,0.02970174792223326,en,daybreak
see,0.028997324824936357,en,daybreak
place,0.02847010073721024,en,daybreak
sure,0.02847010073721024,en,daybreak
okay,0.02641844548390611,en,daybreak
believe,0.026361204386305778,en,daybreak
stop,0.026361204386305778,en,daybreak
package,0.02580075184859926,en,daybreak
safe,0.025714938547184863,en,daybreak
frame,0.02490983968352211,en,daybreak
wrong,0.024779532123127432,en,daybreak
old,0.024779532123127432,en,daybreak
partner,0.024758947936104926,en,daybreak
car,0.02430143011819085,en,daybreak
print,0.024171801131850724,en,daybreak
dad,0.024107754887985812,en,daybreak
randall,0.023666550926073667,en,daybreak
tomorrow,0.023384189053353273,en,daybreak
year,0.023197859859949085,en,daybreak
bring,0.023197859859949085,en,daybreak
father,0.02303629911518644,en,daybreak
skinhead,0.022972772037783657,en,daybreak
send,0.022852730211231603,en,daybreak
sister,0.022681334776978125,en,daybreak
bad,0.02267063577222297,en,daybreak
care,0.02267063577222297,en,daybreak
brother,0.022143411684496853,en,daybreak
margo,0.021703190945602885,en,daybreak
shelton,0.021659068025601174,en,daybreak
fine,0.02125835368486661,en,daybreak
question,0.02108896350904462,en,daybreak
stay,0.02108896350904462,en,daybreak
homicide,0.021026377278967872,en,daybreak
big,0.020726894842744942,en,daybreak
book,0.020357659683188017,en,daybreak
phone,0.020141730618711776,en,daybreak
billy,0.020090515021310148,en,daybreak
girl,0.020034515333592393,en,daybreak
deal,0.019663977158501614,en,daybreak
pull,0.019663977158501614,en,daybreak
win,0.019507291245866275,en,daybreak
nick,0.01906293495683288,en,daybreak
die,0.01898006715814016,en,daybreak
coldburn,0.01895168452240103,en,daybreak
name,0.018750476023988962,en,daybreak
battle,0.018549115977899346,en,daybreak
lot,0.018452843070414046,en,daybreak
family,0.018452843070414046,en,daybreak
different,0.018452843070414046,en,daybreak
sound,0.018452843070414046,en,daybreak
feel,0.01792561898268793,en,daybreak
dodger,0.017920862137615297,en,daybreak
consequence,0.017764048984889393,en,daybreak
club,0.017701067819027843,en,daybreak
arrest,0.017424932127682754,en,daybreak
ass,0.01741987512969667,en,daybreak
decision,0.01741987512969667,en,daybreak
girlfriend,0.01741303989247883,en,daybreak
problem,0.017398394894961814,en,daybreak
idea,0.017398394894961814,en,daybreak
save,0.017398394894961814,en,daybreak
head,0.017398394894961814,en,daybreak
ok,0.01693732365694173,en,daybreak
house,0.0168711708072357,en,daybreak
check,0.0168711708072357,en,daybreak
lie,0.0168711708072357,en,daybreak
make,0.0168711708072357,en,daybreak
hit,0.0168711708072357,en,daybreak
turn,0.0168711708072357,en,daybreak
change,0.016343946719509582,en,daybreak
miss,0.016343946719509582,en,daybreak
long,0.016343946719509582,en,daybreak
hope,0.016343946719509582,en,daybreak
catch,0.016343946719509582,en,daybreak
life,0.016343946719509582,en,daybreak
secret,0.01633113293409063,en,daybreak
llorn,0.016244301019200883,en,daybreak
danger,0.016122105632812512,en,daybreak
police,0.01573864837339087,en,daybreak
alright,0.015517311129821151,en,daybreak
dead,0.015289498544057352,en,daybreak
meet,0.015289498544057352,en,daybreak
friend,0.015289498544057352,en,daybreak
councilman,0.015133343751471089,en,daybreak
baby,0.01500038081919117,en,daybreak
minute,0.014880847579406626,en,daybreak
stuff,0.014880847579406626,en,daybreak
evidence,0.014850806891235703,en,daybreak
home,0.014762274456331236,en,daybreak
suppose,0.014762274456331236,en,daybreak
give,0.014762274456331236,en,daybreak
live,0.014762274456331236,en,daybreak
assistant,0.01447359250043373,en,daybreak
set,0.014464652932791484,en,daybreak
message,0.014349388737284962,en,daybreak
forget,0.014349388737284962,en,daybreak
remember,0.01423505036860512,en,daybreak
shoot,0.01423505036860512,en,daybreak
wake,0.013817929895163296,en,daybreak
start,0.013707826280879005,en,daybreak
important,0.013707826280879005,en,daybreak
well,0.013707826280879005,en,daybreak
word,0.013707826280879005,en,daybreak
kind,0.013707826280879005,en,daybreak
watch,0.013180602193152889,en,daybreak
clean,0.013180602193152889,en,daybreak
real,0.013180602193152889,en,daybreak
wife,0.013180602193152889,en,daybreak
love,0.013180602193152889,en,daybreak
bullet,0.012976691840756779,en,daybreak
damn,0.012857469273592432,en,daybreak
end,0.012653378105426773,en,daybreak
play,0.012653378105426773,en,daybreak
meeting,0.012621167810563006,en,daybreak
colburn,0.012468062657365244,en,daybreak
latin,0.012438537533556787,en,daybreak
sir,0.012420730949297545,en,daybreak
motel,0.012413848903856921,en,daybreak
crazy,0.012321741387192746,en,daybreak
lds,0.012281380139988696,en,daybreak
business,0.0122235533687983,en,daybreak
plan,0.0122235533687983,en,daybreak
keep,0.0122235533687983,en,daybreak
body,0.0122235533687983,en,daybreak
husband,0.0122235533687983,en,daybreak
gang,0.012194873032998047,en,daybreak
clear,0.012126154017700659,en,daybreak
easy,0.012126154017700659,en,daybreak
protect,0.011880699168893304,en,daybreak
eddie,0.01185482612166176,en,daybreak
trust,0.011692094526676636,en,daybreak
couple,0.011692094526676636,en,daybreak
chance,0.011598929929974543,en,daybreak
lose,0.011598929929974543,en,daybreak
answer,0.011598929929974543,en,daybreak
guess,0.011598929929974543,en,daybreak
excuse,0.011598929929974543,en,daybreak
promise,0.011340667388489063,en,daybreak
judge,0.01133240282401857,en,daybreak
course,0.011160635684554969,en,daybreak
station,0.01115215088335753,en,daybreak
job,0.011071705842248427,en,daybreak
walk,0.011071705842248427,en,daybreak
close,0.011071705842248427,en,daybreak
great,0.011071705842248427,en,daybreak
mom,0.010974928530924353,en,daybreak
ex,0.010962802630995161,en,daybreak
ombra,0.010829534012800587,en,daybreak
abahablast,0.010829534012800587,en,daybreak
nitzberg,0.010829534012800587,en,daybreak
yesterday,0.010800635608084821,en,daybreak
city,0.010800635608084821,en,daybreak
hold,0.010629176842433304,en,daybreak
figure,0.010629176842433304,en,daybreak
number,0.010629176842433304,en,daybreak
shut,0.010629176842433304,en,daybreak
later,0.010629176842433304,en,daybreak
woman,0.01054448175452231,en,daybreak
killer,0.010447823935487297,en,daybreak
attorney,0.010332473035586135,en,daybreak
county,0.010227764922793668,en,daybreak
office,0.010178829841594008,en,daybreak
hang,0.010097718000311638,en,daybreak
follow,0.010097718000311638,en,daybreak
exactly,0.010017257666796196,en,daybreak
sit,0.010017257666796196,en,daybreak
nice,0.010017257666796196,en,daybreak
hand,0.010017257666796196,en,daybreak
week,0.010017257666796196,en,daybreak
speak,0.010017257666796196,en,daybreak
like,0.010017257666796196,en,daybreak
second,0.010017257666796196,en,daybreak
weapon,0.00972057204727634,en,daybreak
tonight,0.009643101955194324,en,daybreak
banger,0.009630309660027057,en,daybreak
door,0.00949003357907008,en,daybreak
cause,0.00949003357907008,en,daybreak
mistake,0.00949003357907008,en,daybreak
witness,0.009479328250853902,en,daybreak
pryor,0.009367758453078003,en,daybreak
sid,0.009346279657102925,en,daybreak
mamma,0.009294245340326272,en,daybreak
mess,0.009254308662651357,en,daybreak
narcotic,0.009188693881788949,en,daybreak
explain,0.009180540266872098,en,daybreak
hide,0.009107374068794638,en,daybreak
warrant,0.009105451481746959,en,daybreak
prove,0.009034800316068308,en,daybreak
pretty,0.009034800316068308,en,daybreak
matter,0.008962809491343964,en,daybreak
money,0.008962809491343964,en,daybreak
pick,0.008962809491343964,en,daybreak
drop,0.008962809491343964,en,daybreak
hard,0.008962809491343964,en,daybreak
open,0.008962809491343964,en,daybreak
hospital,0.008779942824739482,en,daybreak
ain,0.008706519946239414,en,daybreak
connect,0.008706519946239414,en,daybreak
hurt,0.008503341473946643,en,daybreak
blood,0.008503341473946643,en,daybreak
worry,0.008503341473946643,en,daybreak
break,0.008503341473946643,en,daybreak
crap,0.008499302118013927,en,daybreak
chinatown,0.008495516277826557,en,daybreak
investigation,0.008452203787968444,en,daybreak
ago,0.00843558540361785,en,daybreak
www,0.0083833196589963,en,daybreak
subtitle,0.008254398836892149,en,daybreak
jared,0.008225390481690782,en,daybreak
summit,0.008183451435481366,en,daybreak
prison,0.008126085283156788,en,daybreak
fencik,0.008122150509600442,en,daybreak
rambis,0.008122150509600442,en,daybreak
rambi,0.008122150509600442,en,daybreak
spyvak,0.008122150509600442,en,daybreak
contreras,0.008122150509600442,en,daybreak
pelican,0.00805525916704104,en,daybreak
ci,0.00805525916704104,en,daybreak
lead,0.00803591829599527,en,daybreak
cover,0.00803591829599527,en,daybreak
informant,0.007998993686556426,en,daybreak
deputy,0.007996202700143649,en,daybreak
sell,0.007971882631824979,en,daybreak
key,0.007971882631824979,en,daybreak
room,0.007908361315891734,en,daybreak
wasn,0.007908361315891734,en,daybreak
haven,0.007908361315891734,en,daybreak
probably,0.007908361315891734,en,daybreak
sheriff,0.00777546444490665,en,daybreak
slim,0.0077041094643329365,en,daybreak
handle,0.007621195369242294,en,daybreak
alma,0.007602241192372756,en,daybreak
lieutenant,0.007564540085183618,en,daybreak
suspect,0.00754565062007416,en,daybreak
doe,0.007529867014534458,en,daybreak
finally,0.007500190409595585,en,daybreak
jonathansadowski,0.0074808375944191464,en,daybreak
pay,0.007440423789703313,en,daybreak
wouldn,0.007440423789703313,en,daybreak
act,0.007440423789703313,en,daybreak
trouble,0.007440423789703313,en,daybreak
eye,0.007381137228165618,en,daybreak
mind,0.007381137228165618,en,daybreak
boy,0.007381137228165618,en,daybreak
truth,0.007381137228165618,en,daybreak
favor,0.00736606183561207,en,daybreak
file,0.00736606183561207,en,daybreak
dirty,0.00736606183561207,en,daybreak
scene,0.00736606183561207,en,daybreak
testify,0.007362594000210294,en,daybreak
plumber,0.007300557853458209,en,daybreak
apartment,0.007251540339555217,en,daybreak
bitch,0.007248898074182396,en,daybreak
com,0.007191058801480061,en,daybreak
calm,0.00713370354510083,en,daybreak
internal,0.007122675756749681,en,daybreak
everyday,0.007106044127519328,en,daybreak
address,0.007076824271439273,en,daybreak
closet,0.00703587157782389,en,daybreak
overturned,0.007025818839808501,en,daybreak
rhum,0.007025818839808501,en,daybreak
report,0.0069644625231959,en,daybreak
charge,0.0069644625231959,en,daybreak
early,0.0069644625231959,en,daybreak
crime,0.006909473842633933,en,daybreak
story,0.006908964947581648,en,daybreak
soon,0.006908964947581648,en,daybreak
doesn,0.006908964947581648,en,daybreak
confess,0.006888315357057424,en,daybreak
conrad,0.006882097232317791,en,daybreak
buenos,0.00687879261430504,en,daybreak
fall,0.006853913140439503,en,daybreak
sign,0.006853913140439503,en,daybreak
happy,0.006853913140439503,en,daybreak
drive,0.006853913140439503,en,daybreak
new,0.006853913140439503,en,daybreak
sub,0.006831317603252137,en,daybreak
jane,0.006785610340928037,en,daybreak
bar,0.006745135017167517,en,daybreak
receive,0.006745135017167517,en,daybreak
fed,0.006720453672324102,en,daybreak
jury,0.006687973663903057,en,daybreak
system,0.006584957118554611,en,daybreak
track,0.006532453173636251,en,daybreak
reach,0.006532453173636251,en,daybreak
shot,0.006480381364850892,en,daybreak
transcript,0.006448707429997155,en,daybreak
information,0.006428734636796216,en,daybreak
swear,0.0063775061054599826,en,daybreak
stupid,0.0063775061054599826,en,daybreak
show,0.0063775061054599826,en,daybreak
street,0.0063775061054599826,en,daybreak
sleep,0.0063266890527133865,en,daybreak
stand,0.0063266890527133865,en,daybreak
late,0.0063266890527133865,en,daybreak
step,0.0063266890527133865,en,daybreak
far,0.0063266890527133865,en,daybreak
robbery,0.00631648366890607,en,daybreak
hippo,0.006316356289909188,en,daybreak
alibi,0.00627831912436618,en,daybreak
bus,0.00624192638287509,en,daybreak
member,0.006232821553210213,en,daybreak
outta,0.006199483821351681,en,daybreak
consecutive,0.0061958151195386345,en,daybreak
leak,0.006148185842926924,en,daybreak
coffee,0.006133682985846643,en,daybreak
contact,0.006133682985846643,en,daybreak
quarry,0.006081792953898204,en,daybreak
conspiracy,0.005995990865014259,en,daybreak
dude,0.005994357857166883,en,daybreak
worried,0.005988082075833231,en,daybreak
slow,0.005988082075833231,en,daybreak
cell,0.005940349584446652,en,daybreak
errant,0.005929487170016563,en,daybreak
jail,0.005898496291253081,en,daybreak
photo,0.005898496291253081,en,daybreak
cold,0.0058930067503965315,en,daybreak
mail,0.005851211302755307,en,daybreak
grand,0.005851211302755307,en,daybreak
picture,0.005846047263338318,en,daybreak
free,0.005846047263338318,en,daybreak
sense,0.005846047263338318,en,daybreak
eat,0.005799464964987271,en,daybreak
have,0.005799464964987271,en,daybreak
reason,0.005799464964987271,en,daybreak
miguel,0.005743193009445914,en,daybreak
drag,0.005711848804321425,en,daybreak
drug,0.005620945847639598,en,daybreak
briefcase,0.005592384186789448,en,daybreak
ortiz,0.005576547204195763,en,daybreak
screw,0.005576075441678765,en,daybreak
corruption,0.0055747137402871435,en,daybreak
grab,0.005531583693446201,en,daybreak
licence,0.005503034091444032,en,daybreak
tough,0.005487464265462177,en,daybreak
tie,0.00544371097803021,en,daybreak
dog,0.00544371097803021,en,daybreak
clmate,0.0054147670064002935,en,daybreak
kwai,0.0054147670064002935,en,daybreak
preisser,0.0054147670064002935,en,daybreak
torrez,0.0054147670064002935,en,daybreak
resound,0.0054147670064002935,en,daybreak
rednazki,0.0054147670064002935,en,daybreak
konrad,0.0054147670064002935,en,daybreak
schmaltzy,0.0054147670064002935,en,daybreak
chota,0.0054147670064002935,en,daybreak
sort,0.005400317804042411,en,daybreak
ballistic,0.005388557328028072,en,daybreak
stick,0.005357278863996846,en,daybreak
bust,0.005351588283612314,en,daybreak
fax,0.005330801800095765,en,daybreak
hate,0.005314588421216652,en,daybreak
didn,0.005314588421216652,en,daybreak
face,0.005314588421216652,en,daybreak
busy,0.005314588421216652,en,daybreak
cut,0.005314588421216652,en,daybreak
spend,0.005314588421216652,en,daybreak
game,0.005314588421216652,en,daybreak
finish,0.005314588421216652,en,daybreak
repeat,0.005308646662127773,en,daybreak
safehouse,0.005288174254835269,en,daybreak
hour,0.005272240877261155,en,daybreak
wonder,0.005272240877261155,en,daybreak
olympic,0.005271377128181942,en,daybreak
alliance,0.005271377128181942,en,daybreak
tub,0.005246492006887476,en,daybreak
rally,0.005231939237667333,en,daybreak
officer,0.00518210538197545,en,daybreak
jar,0.005157558339353554,en,daybreak
flip,0.004993541106300072,en,daybreak
affair,0.004993541106300072,en,daybreak
sigalert,0.004987225062946098,en,daybreak
jarvik,0.004987225062946098,en,daybreak
elysian,0.004987225062946098,en,daybreak
girldfriend,0.004987225062946098,en,daybreak
subtitile,0.004987225062946098,en,daybreak
relax,0.004978425324101581,en,daybreak
situation,0.004978425324101581,en,daybreak
truck,0.004953179145643834,en,daybreak
lucky,0.004899339880227189,en,daybreak
lock,0.00486028602363817,en,daybreak
school,0.00486028602363817,en,daybreak
cool,0.00486028602363817,en,daybreak
subpoena,0.004854580730186604,en,daybreak
sedative,0.0048486945911345725,en,daybreak
execution,0.004821723605114435,en,daybreak
involve,0.004821550977597162,en,daybreak
order,0.004821550977597162,en,daybreak
record,0.004821550977597162,en,daybreak
alive,0.004783129579094987,en,daybreak
blow,0.004783129579094987,en,daybreak
death,0.004783129579094987,en,daybreak
person,0.00474501678953504,en,daybreak
buy,0.00474501678953504,en,daybreak
month,0.00474501678953504,en,daybreak
use,0.00474501678953504,en,daybreak
jennifer,0.004620017394175619,en,daybreak
blue,0.004606315895089289,en,daybreak
realize,0.004569479043457139,en,daybreak
match,0.004496756678111678,en,daybreak
note,0.004425266954756961,en,daybreak
deserve,0.004425266954756961,en,daybreak
list,0.004389971412369741,en,daybreak
style,0.004369348468012563,en,daybreak
stakeout,0.004359328373515576,en,daybreak
ring,0.004354968782424168,en,daybreak
grow,0.004354968782424168,en,daybreak
fix,0.004354968782424168,en,daybreak
inside,0.004320254243233929,en,daybreak
defense,0.0042990497974987885,en,daybreak
control,0.004285823091197477,en,daybreak
choice,0.004285823091197477,en,daybreak
simple,0.004285823091197477,en,daybreak
capable,0.004264396316469285,en,daybreak
lapd,0.004259157946701105,en,daybreak
mathis,0.004256337283084805,en,daybreak
mention,0.004251670736973322,en,daybreak
touch,0.004251670736973322,en,daybreak
shower,0.0042300651980738775,en,daybreak
ready,0.004217792701808925,en,daybreak
afraid,0.004217792701808925,en,daybreak
fast,0.004217792701808925,en,daybreak
point,0.004217792701808925,en,daybreak
diaper,0.004202522269546455,en,daybreak
prosecutor,0.004171747344833263,en,daybreak
director,0.004132989214234454,en,daybreak
foster,0.0041271994184460745,en,daybreak
r,0.004095847911928715,en,daybreak
boyfriend,0.004095847911928715,en,daybreak
vouch,0.004083863947461755,en,daybreak
videotape,0.004041258531721447,en,daybreak
vacation,0.004031482820037954,en,daybreak
lawyer,0.004030526408203128,en,daybreak
preside,0.004005548424472683,en,daybreak
needle,0.003998358490918905,en,daybreak
threaten,0.003998294163024997,en,daybreak
roll,0.003998294163024997,en,daybreak
belong,0.0039663409884064995,en,daybreak
c,0.0039663409884064995,en,daybreak
appartment,0.003952991446677708,en,daybreak
romero,0.003952991446677708,en,daybreak
white,0.003934662093347718,en,daybreak
scare,0.003903252809175136,en,daybreak
taste,0.003903252809175136,en,daybreak
machine,0.003903252809175136,en,daybreak
swsub,0.0038925237631866625,en,daybreak
mild,0.003878955672907658,en,daybreak
honey,0.003872108585412341,en,daybreak
cry,0.003872108585412341,en,daybreak
memory,0.003872108585412341,en,daybreak
federal,0.0038457461762351633,en,daybreak
stroke,0.0038457461762351633,en,daybreak
team,0.0038412249858235234,en,daybreak
waste,0.0038412249858235234,en,daybreak
testimony,0.003840259241328058,en,daybreak
brandy,0.00383890261922253,en,daybreak
alexander,0.00383890261922253,en,daybreak
tobia,0.00382879533963061,en,daybreak
strange,0.003810597684621147,en,daybreak
owe,0.003810597684621147,en,daybreak
amazing,0.003810597684621147,en,daybreak
accuse,0.0038065819253334417,en,daybreak
dangerous,0.0037802224628296875,en,daybreak
put,0.0037802224628296875,en,daybreak
scared,0.0037802224628296875,en,daybreak
town,0.0037802224628296875,en,daybreak
sentence,0.003775719782721843,en,daybreak
tracking,0.003764933507267229,en,daybreak
sniper,0.003764933507267229,en,daybreak
push,0.0037500952047977926,en,daybreak
anymore,0.0037500952047977926,en,daybreak
piece,0.0037500952047977926,en,daybreak
burn,0.0037500952047977926,en,daybreak
wall,0.0037500952047977926,en,daybreak
unsolved,0.0037368238304326847,en,daybreak
news,0.0037202118948516565,en,daybreak
fact,0.0037202118948516565,en,daybreak
perfect,0.0037202118948516565,en,daybreak
wish,0.0037202118948516565,en,daybreak
son,0.0037202118948516565,en,daybreak
lady,0.0037202118948516565,en,daybreak
funny,0.0037202118948516565,en,daybreak
whiner,0.0037176981361305085,en,daybreak
supermax,0.0037176981361305085,en,daybreak
ava,0.0037176981361305085,en,daybreak
hermano,0.0037176981361305085,en,daybreak
jen,0.0037176981361305085,en,daybreak
initiative,0.0036922057363940916,en,daybreak
offer,0.003690568614082809,en,daybreak
count,0.003690568614082809,en,daybreak
bet,0.003690568614082809,en,daybreak
mother,0.003690568614082809,en,daybreak
line,0.003690568614082809,en,daybreak
bit,0.003690568614082809,en,daybreak
true,0.003690568614082809,en,daybreak
fire,0.003690568614082809,en,daybreak
actually,0.003690568614082809,en,daybreak
straight,0.003690568614082809,en,daybreak
dozen,0.0036848998264275333,en,daybreak
statement,0.003655196842687959,en,daybreak
score,0.003655196842687959,en,daybreak
coulda,0.003640935547639953,en,daybreak
dollar,0.0036257701697776086,en,daybreak
hotel,0.0036257701697776086,en,daybreak
l,0.0035677255224082095,en,daybreak
niece,0.0035538678667305108,en,daybreak
dealer,0.0035315508898225117,en,daybreak
gps,0.0035206562141876607,en,daybreak
shame,0.0035107267816531845,en,daybreak
birthday,0.0035107267816531845,en,daybreak
fugitive,0.003487959491778222,en,daybreak
plant,0.0034826079784957657,en,daybreak
innocence,0.0034557619755140666,en,daybreak
ingredient,0.0034557619755140666,en,daybreak
daddy,0.0034547369213169666,en,daybreak
fake,0.0034547369213169666,en,daybreak
hall,0.0034547369213169666,en,daybreak
shoulder,0.0034547369213169666,en,daybreak
breakfast,0.0034547369213169666,en,daybreak
crash,0.0034271092825928543,en,daybreak
ve,0.0034271092825928543,en,daybreak
possibly,0.0033725675085837584,en,daybreak
board,0.0033725675085837584,en,daybreak
concoction,0.003362905600134939,en,daybreak
reyes,0.003362905600134939,en,daybreak
autopsy,0.003362017815637164,en,daybreak
badge,0.003359569016698295,en,daybreak
e,0.0033456452650072596,en,daybreak
restraining,0.0033448282441722863,en,daybreak
widow,0.0033316734597303083,en,daybreak
parent,0.0033189502160677208,en,daybreak
upstairs,0.0033189502160677208,en,daybreak
voice,0.0033189502160677208,en,daybreak
terrible,0.0033189502160677208,en,daybreak
weird,0.0033189502160677208,en,daybreak
confidential,0.0033017595347568595,en,daybreak
sick,0.0032924785592773056,en,daybreak
ride,0.0032924785592773056,en,daybreak
stray,0.003272264000093464,en,daybreak
one,0.003240190682425446,en,daybreak
feeling,0.003240190682425446,en,daybreak
personal,0.003240190682425446,en,daybreak
pass,0.003240190682425446,en,daybreak
asthma,0.003233134396816843,en,daybreak
silent,0.0032243537149985774,en,daybreak
northbound,0.0032221036668164155,en,daybreak
margaret,0.0032221036668164155,en,daybreak
brain,0.003214367318398108,en,daybreak
luck,0.003214367318398108,en,daybreak
fun,0.003214367318398108,en,daybreak
road,0.003214367318398108,en,daybreak
bag,0.003214367318398108,en,daybreak
definitely,0.003214367318398108,en,daybreak
fault,0.003214367318398108,en,daybreak
contract,0.0031981234444654043,en,daybreak
decide,0.0031887530527299913,en,daybreak
drink,0.0031887530527299913,en,daybreak
smart,0.0031887530527299913,en,daybreak
child,0.0031887530527299913,en,daybreak
expect,0.0031633445263566933,en,daybreak
possible,0.0031633445263566933,en,daybreak
arraign,0.003158178144954594,en,daybreak
courthouse,0.0031288105086249465,en,daybreak
recheck,0.0030979075597693173,en,daybreak
ghost,0.003095736966027396,en,daybreak
parking,0.003095736966027396,en,daybreak
info,0.0030765969409881307,en,daybreak
nurse,0.003070749855356278,en,daybreak
tab,0.0030500695930932614,en,daybreak
pregnant,0.003045997368906632,en,daybreak
kinda,0.0030214751414813406,en,daybreak
seal,0.0029971789285834416,en,daybreak
epilepsy,0.002986810356269216,en,daybreak
clang,0.002986810356269216,en,daybreak
keeping,0.002986810356269216,en,daybreak
solve,0.0029731046020068414,en,daybreak
threat,0.0029731046020068414,en,daybreak
eyewitness,0.002968909584654466,en,daybreak
victim,0.0029492481456265406,en,daybreak
freeze,0.0029492481456265406,en,daybreak
chest,0.0029492481456265406,en,daybreak
shift,0.0029492481456265406,en,daybreak
lloyd,0.0029353636566807435,en,daybreak
official,0.0029256056513776536,en,daybreak
asleep,0.0029021733154131384,en,daybreak
shirt,0.0029021733154131384,en,daybreak
storage,0.002897552813792991,en,daybreak
fool,0.0028789474344308053,en,daybreak
angry,0.0028789474344308053,en,daybreak
eiffel,0.0028394386311340696,en,daybreak
looker,0.0028394386311340696,en,daybreak
complicated,0.0028331007060046426,en,daybreak
pop,0.0028331007060046426,en,daybreak
remain,0.0028331007060046426,en,daybreak
downtown,0.002801677378999064,en,daybreak
bull,0.002801677378999064,en,daybreak
disappearance,0.002796192093394724,en,daybreak
ointment,0.0027945617233622196,en,daybreak
pretend,0.0027880377208393827,en,daybreak
upset,0.0027880377208393827,en,daybreak
certain,0.0027880377208393827,en,daybreak
coroner,0.0027691543022955686,en,daybreak
membership,0.0027691543022955686,en,daybreak
remind,0.0027657918467231006,en,daybreak
ball,0.0027657918467231006,en,daybreak
ear,0.0027657918467231006,en,daybreak
garbage,0.0027553261428229694,en,daybreak
pain,0.0027437321327310883,en,daybreak
public,0.0027437321327310883,en,daybreak
mouth,0.0027437321327310883,en,daybreak
window,0.0027437321327310883,en,daybreak
building,0.0027437321327310883,en,daybreak
thought,0.0027437321327310883,en,daybreak
metal,0.002732527041300855,en,daybreak
arm,0.002721855489015105,en,daybreak
joke,0.002721855489015105,en,daybreak
ninth,0.0027164270110046616,en,daybreak
embush,0.0027073835032001468,en,daybreak
speek,0.0027073835032001468,en,daybreak
pelicano,0.0027073835032001468,en,daybreak
overinvolved,0.0027073835032001468,en,daybreak
sufferance,0.0027073835032001468,en,daybreak
neoplasm,0.0027073835032001468,en,daybreak
relevent,0.0027073835032001468,en,daybreak
liye,0.0027073835032001468,en,daybreak
mbius,0.0027073835032001468,en,daybreak
requester,0.0027073835032001468,en,daybreak
uc,0.0027073835032001468,en,daybreak
philantropist,0.0027073835032001468,en,daybreak
defied,0.0027073835032001468,en,daybreak
soltis,0.0027073835032001468,en,daybreak
chenney,0.0027073835032001468,en,daybreak
pyramide,0.0027073835032001468,en,daybreak
rehad,0.0027073835032001468,en,daybreak
maldicin,0.0027073835032001468,en,daybreak
honou,0.0027073835032001468,en,daybreak
tenspeed,0.0027073835032001468,en,daybreak
fenshik,0.0027073835032001468,en,daybreak
avaibility,0.0027073835032001468,en,daybreak
secr,0.0027073835032001468,en,daybreak
entrepeneur,0.0027073835032001468,en,daybreak
chasworth,0.0027073835032001468,en,daybreak
chritma,0.0027073835032001468,en,daybreak
deitweiler,0.0027073835032001468,en,daybreak
hura,0.0027073835032001468,en,daybreak
juanita,0.0027073835032001468,en,daybreak
spacetime,0.0027073835032001468,en,daybreak
estuvo,0.0027073835032001468,en,daybreak
skinheaded,0.0027073835032001468,en,daybreak
ballanger,0.0027073835032001468,en,daybreak
kick,0.0027001589020212054,en,daybreak
force,0.0027001589020212054,en,daybreak
ground,0.0027001589020212054,en,daybreak
disappear,0.002678639431998423,en,daybreak
agree,0.002678639431998423,en,daybreak
high,0.002678639431998423,en,daybreak
ahead,0.002678639431998423,en,daybreak
dream,0.002678639431998423,en,daybreak
attack,0.002678639431998423,en,daybreak
war,0.002678639431998423,en,daybreak
shank,0.002670365616315122,en,daybreak
ld,0.002670365616315122,en,daybreak
sideways,0.002670365616315122,en,daybreak
rest,0.002657294210608326,en,daybreak
glad,0.002657294210608326,en,daybreak
moment,0.002657294210608326,en,daybreak
bed,0.002657294210608326,en,daybreak
shouldn,0.002657294210608326,en,daybreak
world,0.0026361204386305776,en,daybreak
able,0.0026361204386305776,en,daybreak
move,0.0026361204386305776,en,daybreak
special,0.0026361204386305776,en,daybreak
learn,0.0026361204386305776,en,daybreak
aren,0.0026361204386305776,en,daybreak
leverage,0.0026159696188336667,en,daybreak
trigger,0.002600678088605675,en,daybreak
unwind,0.002595015842124442,en,daybreak
trader,0.002595015842124442,en,daybreak
semi,0.0025918214816355502,en,daybreak
scum,0.002568036488110979,en,daybreak
gimme,0.002568036488110979,en,daybreak
justice,0.0025584987555723237,en,daybreak
seizure,0.0025446038778480138,en,daybreak
exit,0.0025377212835556275,en,daybreak
up,0.0025377212835556275,en,daybreak
fellow,0.0025377212835556275,en,daybreak
spill,0.0025377212835556275,en,daybreak
timmy,0.0025246932439659153,en,daybreak
barry,0.0025246932439659153,en,daybreak
shooter,0.0024987550947977314,en,daybreak
vegas,0.0024987550947977314,en,daybreak
pal,0.002496770553150036,en,daybreak
unit,0.002496770553150036,en,daybreak
hust,0.002493612531473049,en,daybreak
eard,0.002493612531473049,en,daybreak
bughouse,0.002493612531473049,en,daybreak
relationsh,0.002493612531473049,en,daybreak
meam,0.002493612531473049,en,daybreak
appart,0.002493612531473049,en,daybreak
unspent,0.002493612531473049,en,daybreak
waow,0.002493612531473049,en,daybreak
perro,0.002493612531473049,en,daybreak
dama,0.002493612531473049,en,daybreak
sixteen,0.002493612531473049,en,daybreak
gope,0.002493612531473049,en,daybreak
rhd,0.002493612531473049,en,daybreak
rubberneck,0.002493612531473049,en,daybreak
tranportation,0.002493612531473049,en,daybreak
apartement,0.002493612531473049,en,daybreak
triale,0.002493612531473049,en,daybreak
pineapple,0.002491215886955123,en,daybreak
quantum,0.002491215886955123,en,daybreak
cancel,0.002476589572821917,en,daybreak
traffic,0.002476589572821917,en,daybreak
nutty,0.0024587687676183257,en,daybreak
freddy,0.0024587687676183257,en,daybreak
protection,0.0024565998842850222,en,daybreak
helpful,0.0024565998842850222,en,daybreak
sergeant,0.0024541980000700975,en,daybreak
captain,0.002436797895125306,en,daybreak
setup,0.002432381485036299,en,daybreak
patrol,0.002432381485036299,en,daybreak
temporal,0.002427290365093302,en,daybreak
curtis,0.002427290365093302,en,daybreak
lobe,0.002427290365093302,en,daybreak
plane,0.0023977431428667535,en,daybreak
jack,0.0023977431428667535,en,daybreak
toy,0.0023977431428667535,en,daybreak
career,0.0023977431428667535,en,daybreak
honor,0.0023977431428667535,en,daybreak
chain,0.0023977431428667535,en,daybreak
crooked,0.0023967245097264466,en,daybreak
cooperate,0.002389630983609792,en,daybreak
dive,0.002389630983609792,en,daybreak
bank,0.0023784836816054733,en,daybreak
tape,0.0023784836816054733,en,daybreak
bell,0.0023784836816054733,en,daybreak
leader,0.0023784836816054733,en,daybreak
ego,0.0023686813758397765,en,daybreak
surgeon,0.0023686813758397765,en,daybreak
drastic,0.0023670197799080246,en,daybreak
driver,0.0023593985165012324,en,daybreak
demand,0.0023593985165012324,en,daybreak
scary,0.0023593985165012324,en,daybreak
exculpatory,0.0023419396132695006,en,daybreak
chulo,0.0023419396132695006,en,daybreak
conspiratorial,0.0023419396132695006,en,daybreak
vehicule,0.0023419396132695006,en,daybreak
answerphone,0.0023419396132695006,en,daybreak
asymmetry,0.0023419396132695006,en,daybreak
permiso,0.0023419396132695006,en,daybreak
totaly,0.0023419396132695006,en,daybreak
department,0.002340484521102123,en,daybreak
connection,0.002340484521102123,en,daybreak
plate,0.002340484521102123,en,daybreak
example,0.002340484521102123,en,daybreak
theory,0.002340484521102123,en,daybreak
snitch,0.0023381289815661045,en,daybreak
buddy,0.0023217386523305106,en,daybreak
commit,0.0023217386523305106,en,daybreak
rough,0.0023217386523305106,en,daybreak
shady,0.0023100086970878095,en,daybreak
punk,0.0023074477057410977,en,daybreak
credit,0.0023031579475446444,en,daybreak
loose,0.0023031579475446444,en,daybreak
lately,0.0023031579475446444,en,daybreak
op,0.0022875521948199458,en,daybreak
tree,0.0022847395217285697,en,daybreak
freak,0.0022847395217285697,en,daybreak
trap,0.0022847395217285697,en,daybreak
piss,0.0022847395217285697,en,daybreak
afford,0.0022847395217285697,en,daybreak
disrespectful,0.002282618892843408,en,daybreak
sedan,0.002282618892843408,en,daybreak
unprofessional,0.002282618892843408,en,daybreak
conduct,0.00226790383949945,en,daybreak
killing,0.00226790383949945,en,daybreak
especially,0.0022664805648037138,en,daybreak
desk,0.0022664805648037138,en,daybreak
common,0.0022664805648037138,en,daybreak
revolve,0.002255922576407923,en,daybreak
highway,0.0022484965743803467,en,daybreak
shave,0.0022484965743803467,en,daybreak
bleed,0.002248378339055839,en,daybreak
hole,0.002248378339055839,en,daybreak
introduce,0.002248378339055839,en,daybreak
suit,0.002248378339055839,en,daybreak
card,0.002248378339055839,en,daybreak
emergency,0.002248378339055839,en,daybreak
park,0.0022304301766715062,en,daybreak
block,0.0022304301766715062,en,daybreak
search,0.0022304301766715062,en,daybreak
tight,0.0022304301766715062,en,daybreak
unborn,0.0022298854961148576,en,daybreak
cranberry,0.0022298854961148576,en,daybreak
mickey,0.0022298854961148576,en,daybreak
hinge,0.0022298854961148576,en,daybreak
suite,0.0022293245546343527,en,daybreak
stash,0.0022293245546343527,en,daybreak
importante,0.0022242929579959006,en,daybreak
againt,0.0022242929579959006,en,daybreak
suprise,0.0022242929579959006,en,daybreak
garantee,0.0022242929579959006,en,daybreak
vato,0.0022242929579959006,en,daybreak
burry,0.0022242929579959006,en,daybreak
photoe,0.0022242929579959006,en,daybreak
wasabi,0.0022242929579959006,en,daybreak
homerun,0.0022242929579959006,en,daybreak
ville,0.0022242929579959006,en,daybreak
pitbull,0.0022242929579959006,en,daybreak
through,0.0022242929579959006,en,daybreak
cahuenga,0.0022242929579959006,en,daybreak
io,0.0022242929579959006,en,daybreak
westwood,0.0022242929579959006,en,daybreak
implausible,0.0022242929579959006,en,daybreak
unimpressed,0.0022242929579959006,en,daybreak
garde,0.0022242929579959006,en,daybreak
conversation,0.0022126334773784804,en,daybreak
lay,0.0022126334773784804,en,daybreak
cost,0.0022126334773784804,en,daybreak
admit,0.0022126334773784804,en,daybreak
fly,0.0022126334773784804,en,daybreak
leg,0.0022126334773784804,en,daybreak
serve,0.0022126334773784804,en,daybreak
black,0.0022126334773784804,en,daybreak
trip,0.0022126334773784804,en,daybreak
weren,0.0022126334773784804,en,daybreak
hurry,0.0022126334773784804,en,daybreak
anti,0.0022103821454372377,en,daybreak
tense,0.0022103821454372377,en,daybreak
execute,0.0022103821454372377,en,daybreak
forced,0.002204475876819451,en,daybreak
reform,0.002204475876819451,en,daybreak
manage,0.0021949857061848706,en,daybreak
corner,0.0021949857061848706,en,daybreak
dark,0.0021949857061848706,en,daybreak
respect,0.0021949857061848706,en,daybreak
round,0.0021949857061848706,en,daybreak
hearing,0.0021916639120272145,en,daybreak
regularly,0.002179664186757788,en,daybreak
treat,0.002177484391212084,en,daybreak
o,0.002177484391212084,en,daybreak
detail,0.002177484391212084,en,daybreak
careful,0.002177484391212084,en,daybreak
doctor,0.002177484391212084,en,daybreak
seriously,0.002177484391212084,en,daybreak
imply,0.0021731646103447435,en,daybreak
whack,0.0021731646103447435,en,daybreak
blanket,0.0021731646103447435,en,daybreak
gentleman,0.0021601271216169643,en,daybreak
single,0.0021601271216169643,en,daybreak
beat,0.0021601271216169643,en,daybreak
dig,0.0021601271216169643,en,daybreak
party,0.0021601271216169643,en,daybreak
seat,0.0021601271216169643,en,daybreak
bomber,0.002155422931211229,en,daybreak
triple,0.0021548791782134307,en,daybreak
light,0.0021429115455987384,en,daybreak
paper,0.0021429115455987384,en,daybreak
half,0.0021429115455987384,en,daybreak
return,0.0021429115455987384,en,daybreak
pillow,0.0021368027270249044,en,daybreak
cabrn,0.0021281686415424027,en,daybreak
wacke,0.0021281686415424027,en,daybreak
supercop,0.0021281686415424027,en,daybreak
tu,0.0021281686415424027,en,daybreak
join,0.002125835368486661,en,daybreak
consider,0.002125835368486661,en,daybreak
floor,0.002125835368486661,en,daybreak
small,0.0021088963509044625,en,daybreak
read,0.0021088963509044625,en,daybreak
hostage,0.0021012580342492982,en,daybreak
warden,0.0020858736724166313,en,daybreak
cripple,0.0020858736724166313,en,daybreak
jenny,0.0020636739435009274,en,daybreak
sis,0.0020636739435009274,en,daybreak
proceed,0.002049395280975641,en,daybreak
nascar,0.002046896689998116,en,daybreak
togeth,0.002046896689998116,en,daybreak
preseason,0.002046896689998116,en,daybreak
outlandish,0.002046896689998116,en,daybreak
curling,0.002046896689998116,en,daybreak
tobey,0.002046896689998116,en,daybreak
verne,0.002046896689998116,en,daybreak
adress,0.002046896689998116,en,daybreak
westside,0.002046896689998116,en,daybreak
figueroa,0.002046896689998116,en,daybreak
heya,0.002046896689998116,en,daybreak
mailbox,0.0020419319737308775,en,daybreak
atm,0.0020419319737308775,en,daybreak
drill,0.0020324788388330077,en,daybreak
crate,0.0020206292658607235,en,daybreak
tenant,0.0020206292658607235,en,daybreak
swat,0.0020206292658607235,en,daybreak
tweak,0.0020206292658607235,en,daybreak
veteran,0.0020206292658607235,en,daybreak
giant,0.002015741410018977,en,daybreak
flame,0.002015741410018977,en,daybreak
ambulance,0.002015741410018977,en,daybreak
irresponsible,0.0019997484216391064,en,daybreak
mo,0.0019997484216391064,en,daybreak
battery,0.0019991792454594525,en,daybreak
investigate,0.0019991792454594525,en,daybreak
backup,0.0019827887126361043,en,daybreak
lining,0.0019792730564363106,en,daybreak
respite,0.001976495723338854,en,daybreak
rooted,0.001976495723338854,en,daybreak
be,0.001976495723338854,en,daybreak
sergent,0.001976495723338854,en,daybreak
cabron,0.001976495723338854,en,daybreak
tobias,0.001976495723338854,en,daybreak
toe,0.001966566290804377,en,daybreak
p,0.001966566290804377,en,daybreak
sink,0.001966566290804377,en,daybreak
punish,0.001966566290804377,en,daybreak
bail,0.0019505085664542564,en,daybreak
patch,0.0019505085664542564,en,daybreak
association,0.001939477836453829,en,daybreak
confide,0.001939477836453829,en,daybreak
slate,0.001939477836453829,en,daybreak
quality,0.0019346122289991463,en,daybreak
offense,0.0019346122289991463,en,daybreak
surgery,0.0019346122289991463,en,daybreak
sudden,0.0019346122289991463,en,daybreak
warning,0.0019346122289991463,en,daybreak
withdrawal,0.001920129620664029,en,daybreak
trace,0.0019188740666792425,en,daybreak
basically,0.0019188740666792425,en,daybreak
boyle,0.001914397669815305,en,daybreak
tweaker,0.001914397669815305,en,daybreak
burbank,0.001914397669815305,en,daybreak
civility,0.001914397669815305,en,daybreak
glendale,0.001914397669815305,en,daybreak
youall,0.001914397669815305,en,daybreak
chocula,0.001914397669815305,en,daybreak
choking,0.001914397669815305,en,daybreak
success,0.0019032909626667208,en,daybreak
angel,0.0019032909626667208,en,daybreak
community,0.0019032909626667208,en,daybreak
pension,0.0019011300404123538,en,daybreak
reschedule,0.0019011300404123538,en,daybreak
monster,0.0018878598913609215,en,daybreak
insurance,0.0018878598913609215,en,daybreak
tag,0.0018878598913609215,en,daybreak
handwriting,0.0018824667536336145,en,daybreak
cereal,0.0018824667536336145,en,daybreak
lab,0.0018725779148625272,en,daybreak
clue,0.0018725779148625272,en,daybreak
client,0.0018725779148625272,en,daybreak
bathtub,0.0018641280622631495,en,daybreak
tamper,0.0018641280622631495,en,daybreak
broker,0.0018641280622631495,en,daybreak
youhave,0.0018588490680652543,en,daybreak
definitly,0.0018588490680652543,en,daybreak
pecking,0.0018588490680652543,en,daybreak
hyperactive,0.0018588490680652543,en,daybreak
crony,0.0018588490680652543,en,daybreak
dugout,0.0018588490680652543,en,daybreak
enabler,0.0018588490680652543,en,daybreak
delt,0.0018588490680652543,en,daybreak
sen,0.0018588490680652543,en,daybreak
neighborhood,0.001857442179616438,en,daybreak
tourist,0.0018461028681970458,en,daybreak
incident,0.0018424499132137667,en,daybreak
stake,0.0018424499132137667,en,daybreak
jacket,0.0018424499132137667,en,daybreak
fancy,0.0018424499132137667,en,daybreak
instinct,0.0018424499132137667,en,daybreak
sticky,0.001828380632953728,en,daybreak
chicken,0.0018275984213439794,en,daybreak
boat,0.0018275984213439794,en,daybreak
target,0.0018275984213439794,en,daybreak
duty,0.0018275984213439794,en,daybreak
stone,0.0018275984213439794,en,daybreak
trial,0.0018128850848888043,en,daybreak
perforate,0.001808599245466907,en,daybreak
mak,0.001808599245466907,en,daybreak
capri,0.001808599245466907,en,daybreak
burb,0.001808599245466907,en,daybreak
cholo,0.001808599245466907,en,daybreak
pomegranate,0.001808599245466907,en,daybreak
tirelessly,0.001808599245466907,en,daybreak
sgt,0.001808599245466907,en,daybreak
informer,0.001808599245466907,en,daybreak
bird,0.001798307357150065,en,daybreak
mode,0.0017938054641046229,en,daybreak
physics,0.0017938054641046229,en,daybreak
junkie,0.0017938054641046229,en,daybreak
strength,0.0017838627612041047,en,daybreak
operation,0.0017838627612041047,en,daybreak
request,0.0017838627612041047,en,daybreak
politician,0.0017769339333652554,en,daybreak
plea,0.0017769339333652554,en,daybreak
unpredictable,0.0017769339333652554,en,daybreak
supervisor,0.0017769339333652554,en,daybreak
chair,0.0017695488873759244,en,daybreak
cute,0.0017695488873759244,en,daybreak
wale,0.0017627247516117561,en,daybreak
removed,0.0017627247516117561,en,daybreak
fairfax,0.0017627247516117561,en,daybreak
lawyere,0.0017627247516117561,en,daybreak
muy,0.0017627247516117561,en,daybreak
sadgeezer,0.0017627247516117561,en,daybreak
rescuer,0.0017627247516117561,en,daybreak
mediation,0.0017627247516117561,en,daybreak
beard,0.0017603281070938304,en,daybreak
discover,0.0017553633908265922,en,daybreak
buck,0.0017553633908265922,en,daybreak
liar,0.0017553633908265922,en,daybreak
major,0.0017553633908265922,en,daybreak
wagon,0.001743979745889111,en,daybreak
snatch,0.001743979745889111,en,daybreak
deliver,0.0017413039892478829,en,daybreak
rush,0.0017413039892478829,en,daybreak
practice,0.0017413039892478829,en,daybreak
guilty,0.0017413039892478829,en,daybreak
hook,0.0017413039892478829,en,daybreak
recognize,0.0017413039892478829,en,daybreak
rehab,0.0017278809877570333,en,daybreak
dash,0.0017278809877570333,en,daybreak
clock,0.0017273684606584833,en,daybreak
page,0.0017273684606584833,en,daybreak
claim,0.0017273684606584833,en,daybreak
desperate,0.0017273684606584833,en,daybreak
innocent,0.0017273684606584833,en,daybreak
process,0.0017273684606584833,en,daybreak
loaner,0.0017205243080794478,en,daybreak
camcorder,0.0017205243080794478,en,daybreak
sixe,0.0017205243080794478,en,daybreak
posit,0.0017205243080794478,en,daybreak
doppler,0.0017205243080794478,en,daybreak
fam,0.0017205243080794478,en,daybreak
ticket,0.0017135546412964271,en,daybreak
hire,0.0017135546412964271,en,daybreak
large,0.0017135546412964271,en,daybreak
bury,0.0017135546412964271,en,daybreak
shop,0.0017135546412964271,en,daybreak
mm,0.001712024325407319,en,daybreak
kitchen,0.0016998604236027855,en,daybreak
guard,0.0016998604236027855,en,daybreak
nervous,0.0016998604236027855,en,daybreak
rid,0.0016998604236027855,en,daybreak
history,0.0016998604236027855,en,daybreak
hostile,0.0016964025852320092,en,daybreak
inject,0.0016964025852320092,en,daybreak
reset,0.0016964025852320092,en,daybreak
twice,0.0016862837542918792,en,daybreak
breath,0.0016862837542918792,en,daybreak
spot,0.0016862837542918792,en,daybreak
rich,0.0016862837542918792,en,daybreak
court,0.0016862837542918792,en,daybreak
camera,0.0016862837542918792,en,daybreak
convince,0.0016862837542918792,en,daybreak
warn,0.0016862837542918792,en,daybreak
escape,0.0016862837542918792,en,daybreak
shock,0.0016862837542918792,en,daybreak
intracranial,0.0016814528000674695,en,daybreak
scruffy,0.0016814528000674695,en,daybreak
supersede,0.0016814528000674695,en,daybreak
stoic,0.0016814528000674695,en,daybreak
contributor,0.0016814528000674695,en,daybreak
faze,0.0016814528000674695,en,daybreak
sealed,0.0016814528000674695,en,daybreak
ventilate,0.0016814528000674695,en,daybreak
clinch,0.0016814528000674695,en,daybreak
cornfield,0.0016814528000674695,en,daybreak
dispatcher,0.0016814528000674695,en,daybreak
store,0.0016728226325036298,en,daybreak
honest,0.0016728226325036298,en,daybreak
surprised,0.0016728226325036298,en,daybreak
forward,0.0016728226325036298,en,daybreak
totally,0.0016728226325036298,en,daybreak
focus,0.0016728226325036298,en,daybreak
discuss,0.0016728226325036298,en,daybreak
avoid,0.0016728226325036298,en,daybreak
result,0.0016728226325036298,en,daybreak
decorate,0.0016658367298651542,en,daybreak
laugh,0.0016594751080338604,en,daybreak
bunch,0.0016594751080338604,en,daybreak
dress,0.0016594751080338604,en,daybreak
difference,0.0016594751080338604,en,daybreak
position,0.0016594751080338604,en,daybreak
security,0.0016594751080338604,en,daybreak
code,0.0016594751080338604,en,daybreak
sail,0.0016508797673784297,en,daybreak
risk,0.0016462392796386528,en,daybreak
teach,0.0016462392796386528,en,daybreak
release,0.0016462392796386528,en,daybreak
normal,0.0016462392796386528,en,daybreak
account,0.0016462392796386528,en,daybreak
glass,0.0016462392796386528,en,daybreak
law,0.0016462392796386528,en,daybreak
doubt,0.0016462392796386528,en,daybreak
fill,0.0016462392796386528,en,daybreak
marry,0.0016462392796386528,en,daybreak
enchilada,0.0016450780963381563,en,daybreak
metaphysical,0.0016450780963381563,en,daybreak
spence,0.0016450780963381563,en,daybreak
ambush,0.001636132000046732,en,daybreak
intimidate,0.001636132000046732,en,daybreak
grieve,0.001636132000046732,en,daybreak
past,0.0016331132934090627,en,daybreak
quick,0.0016331132934090627,en,daybreak
appreciate,0.0016331132934090627,en,daybreak
apart,0.0016331132934090627,en,daybreak
pleasure,0.0016331132934090627,en,daybreak
idiot,0.0016331132934090627,en,daybreak
honeymoon,0.0016215876566908656,en,daybreak
daughter,0.001620095341212723,en,daybreak
visit,0.001620095341212723,en,daybreak
table,0.001620095341212723,en,daybreak
instead,0.001620095341212723,en,daybreak
dinner,0.001620095341212723,en,daybreak
state,0.001620095341212723,en,daybreak
choose,0.001620095341212723,en,daybreak
carry,0.001620095341212723,en,daybreak
draw,0.001620095341212723,en,daybreak
atrophy,0.0016110518334082077,en,daybreak
blitz,0.0016110518334082077,en,daybreak
hallucinogen,0.0016110518334082077,en,daybreak
sacrificial,0.0016110518334082077,en,daybreak
rit,0.0016110518334082077,en,daybreak
torre,0.0016110518334082077,en,daybreak
gleam,0.0016110518334082077,en,daybreak
certifiable,0.0016110518334082077,en,daybreak
ridin,0.0016110518334082077,en,daybreak
lapdog,0.0016110518334082077,en,daybreak
gar,0.0016110518334082077,en,daybreak
relevant,0.0016072412017048118,en,daybreak
temper,0.0016072412017048118,en,daybreak
power,0.001607183659199054,en,daybreak
entire,0.001607183659199054,en,daybreak
level,0.001607183659199054,en,daybreak
low,0.001607183659199054,en,daybreak
middle,0.001607183659199054,en,daybreak
surprise,0.001607183659199054,en,daybreak
short,0.001607183659199054,en,daybreak
present,0.0015943765263649956,en,daybreak
build,0.0015943765263649956,en,daybreak
throw,0.0015943765263649956,en,daybreak
sweet,0.0015943765263649956,en,daybreak
interesting,0.0015943765263649956,en,daybreak
weed,0.0015930873224065279,en,daybreak
convenient,0.0015930873224065279,en,daybreak
fight,0.0015816722631783466,en,daybreak
foot,0.0015816722631783466,en,daybreak
deep,0.0015816722631783466,en,daybreak
rule,0.0015816722631783466,en,daybreak
food,0.0015816722631783466,en,daybreak
gee,0.0015791209172265174,en,daybreak
curtain,0.0015791209172265174,en,daybreak
sleek,0.001579089072477297,en,daybreak
hee,0.001579089072477297,en,daybreak
sundance,0.001579089072477297,en,daybreak
ere,0.001579089072477297,en,daybreak
billie,0.001579089072477297,en,daybreak
demanding,0.001579089072477297,en,daybreak
bog,0.001579089072477297,en,daybreak
dismiss,0.0015653370846684597,en,daybreak
vice,0.0015517311129821152,en,daybreak
bark,0.0015517311129821152,en,daybreak
nevermind,0.0015489537798846586,en,daybreak
remand,0.0015489537798846586,en,daybreak
inbox,0.0015489537798846586,en,daybreak
reckoning,0.0015489537798846586,en,daybreak
uninterrupted,0.0015489537798846586,en,daybreak
aaa,0.0015489537798846586,en,daybreak
march,0.0015382984704940654,en,daybreak
lobby,0.0015382984704940654,en,daybreak
agenda,0.0015250347965466307,en,daybreak
admissible,0.001520448238474551,en,daybreak
paddy,0.001520448238474551,en,daybreak
hangout,0.001520448238474551,en,daybreak
fa,0.001520448238474551,en,daybreak
protocol,0.0015119358929996333,en,daybreak
psycho,0.0015119358929996333,en,daybreak
neat,0.0015119358929996333,en,daybreak
error,0.0014989977162535647,en,daybreak
palm,0.0014989977162535647,en,daybreak
crusader,0.001493405178134608,en,daybreak
cojone,0.001493405178134608,en,daybreak
ringtone,0.001493405178134608,en,daybreak
este,0.001493405178134608,en,daybreak
citywide,0.001493405178134608,en,daybreak
bullpen,0.001493405178134608,en,daybreak
gape,0.001493405178134608,en,daybreak
bruised,0.001493405178134608,en,daybreak
hinky,0.001493405178134608,en,daybreak
vo,0.001493405178134608,en,daybreak
confinement,0.001493405178134608,en,daybreak
pleased,0.001486216369756235,en,daybreak
coast,0.001486216369756235,en,daybreak
trauma,0.001486216369756235,en,daybreak
spoil,0.001486216369756235,en,daybreak
fingerprint,0.001486216369756235,en,daybreak
peanut,0.001486216369756235,en,daybreak
conflict,0.0014735880969581584,en,daybreak
division,0.0014735880969581584,en,daybreak
survival,0.0014735880969581584,en,daybreak
grill,0.0014735880969581584,en,daybreak
unspoken,0.0014676818283403717,en,daybreak
mangy,0.0014676818283403717,en,daybreak
vietnamese,0.0014676818283403717,en,daybreak
lesion,0.0014676818283403717,en,daybreak
dom,0.0014676818283403717,en,daybreak
flex,0.0014676818283403717,en,daybreak
bubble,0.0014611092746848096,en,daybreak
routine,0.0014611092746848096,en,daybreak
mouse,0.0014611092746848096,en,daybreak
advise,0.0014487764068964956,en,daybreak
surveillance,0.0014487764068964956,en,daybreak
bro,0.0014487764068964956,en,daybreak
privilege,0.0014487764068964956,en,daybreak
ranking,0.0014431553555362608,en,daybreak
sterilize,0.0014431553555362608,en,daybreak
vindictive,0.0014431553555362608,en,daybreak
yap,0.0014431553555362608,en,daybreak
mangle,0.0014431553555362608,en,daybreak
texture,0.0014431553555362608,en,daybreak
lane,0.0014365861188089537,en,daybreak
safely,0.0014365861188089537,en,daybreak
fella,0.0014365861188089537,en,daybreak
horn,0.0014365861188089537,en,daybreak
structure,0.0014365861188089537,en,daybreak
victory,0.0014365861188089537,en,daybreak
active,0.0014245351513499363,en,daybreak
rightfully,0.0014197193155670348,en,daybreak
scuse,0.0014197193155670348,en,daybreak
bonehead,0.0014197193155670348,en,daybreak
tijuana,0.0014197193155670348,en,daybreak
payout,0.0014197193155670348,en,daybreak
entourage,0.0014197193155670348,en,daybreak
inning,0.0014197193155670348,en,daybreak
hugger,0.0014197193155670348,en,daybreak
snipe,0.0014197193155670348,en,daybreak
sugarcoat,0.0014197193155670348,en,daybreak
beef,0.0014126203559290047,en,daybreak
tower,0.0014126203559290047,en,daybreak
profit,0.0014126203559290047,en,daybreak
territory,0.001400838689499532,en,daybreak
iron,0.001400838689499532,en,daybreak
hamper,0.0013972808616811098,en,daybreak
hiya,0.0013972808616811098,en,daybreak
suitor,0.0013972808616811098,en,daybreak
arraignment,0.0013972808616811098,en,daybreak
jumble,0.0013972808616811098,en,daybreak
shed,0.0013891872098935416,en,daybreak
multiple,0.0013891872098935416,en,daybreak
prime,0.0013891872098935416,en,daybreak
entry,0.0013891872098935416,en,daybreak
bruise,0.0013891872098935416,en,daybreak
bounce,0.0013891872098935416,en,daybreak
gear,0.0013891872098935416,en,daybreak
got,0.0013891872098935416,en,daybreak
typical,0.0013776630714114847,en,daybreak
conscience,0.0013776630714114847,en,daybreak
whisper,0.0013776630714114847,en,daybreak
escort,0.0013776630714114847,en,daybreak
document,0.0013776630714114847,en,daybreak
murderer,0.0013776630714114847,en,daybreak
debt,0.0013776630714114847,en,daybreak
swim,0.0013776630714114847,en,daybreak
injure,0.0013776630714114847,en,daybreak
carjack,0.001375758522861008,en,daybreak
amnesty,0.001375758522861008,en,daybreak
boogie,0.001375758522861008,en,daybreak
colombian,0.001375758522861008,en,daybreak
ludicrous,0.001375758522861008,en,daybreak
met,0.001375758522861008,en,daybreak
headquarter,0.001375758522861008,en,daybreak
attest,0.001375758522861008,en,daybreak
sand,0.0013662635206504274,en,daybreak
assault,0.0013662635206504274,en,daybreak
retire,0.0013662635206504274,en,daybreak
shove,0.0013662635206504274,en,daybreak
trunk,0.0013662635206504274,en,daybreak
wallet,0.0013662635206504274,en,daybreak
apple,0.0013662635206504274,en,daybreak
chinese,0.0013662635206504274,en,daybreak
cartel,0.0013550804181488014,en,daybreak
chasing,0.0013550804181488014,en,daybreak
dirtbag,0.0013550804181488014,en,daybreak
doable,0.0013550804181488014,en,daybreak
seriousness,0.0013550804181488014,en,daybreak
nugget,0.0013550804181488014,en,daybreak
paranoid,0.0013549858925553384,en,daybreak
device,0.0013549858925553384,en,daybreak
hallway,0.0013549858925553384,en,daybreak
status,0.0013549858925553384,en,daybreak
stuck,0.0013438276066793178,en,daybreak
armed,0.0013438276066793178,en,daybreak
brown,0.0013438276066793178,en,daybreak
bath,0.0013438276066793178,en,daybreak
crew,0.0013438276066793178,en,daybreak
tattoo,0.0013438276066793178,en,daybreak
saline,0.001335182808157561,en,daybreak
plaque,0.001335182808157561,en,daybreak
surfer,0.001335182808157561,en,daybreak
lt,0.001335182808157561,en,daybreak
derail,0.001335182808157561,en,daybreak
checkpoint,0.001335182808157561,en,daybreak
ide,0.001335182808157561,en,daybreak
overnight,0.001332786163639635,en,daybreak
violent,0.001332786163639635,en,daybreak
command,0.001332786163639635,en,daybreak
romantic,0.0013218591417574028,en,daybreak
non,0.0013218591417574028,en,daybreak
inform,0.0013218591417574028,en,daybreak
swing,0.0013218591417574028,en,daybreak
comfortably,0.0013160089101368234,en,daybreak
hardy,0.0013160089101368234,en,daybreak
marching,0.0013160089101368234,en,daybreak
severity,0.0013160089101368234,en,daybreak
unsure,0.0013160089101368234,en,daybreak
backward,0.0013160089101368234,en,daybreak
jule,0.0013160089101368234,en,daybreak
sleazy,0.0013160089101368234,en,daybreak
sarge,0.0013160089101368234,en,daybreak
barefoot,0.0013160089101368234,en,daybreak
practise,0.0013160089101368234,en,daybreak
fetus,0.0013160089101368234,en,daybreak
uniform,0.0013110441938695848,en,daybreak
couch,0.0013110441938695848,en,daybreak
arrangement,0.0013110441938695848,en,daybreak
juice,0.0013110441938695848,en,daybreak
pet,0.0013003390443028374,en,daybreak
west,0.0013003390443028374,en,daybreak
bloody,0.0013003390443028374,en,daybreak
crucify,0.001297507921062221,en,daybreak
manhunt,0.001297507921062221,en,daybreak
sydney,0.001297507921062221,en,daybreak
syndicate,0.001297507921062221,en,daybreak
divulge,0.001297507921062221,en,daybreak
entrepreneur,0.001297507921062221,en,daybreak
minion,0.001297507921062221,en,daybreak
worse,0.001297507921062221,en,daybreak
pin,0.0012897414859994309,en,daybreak
spring,0.0012897414859994309,en,daybreak
garage,0.0012897414859994309,en,daybreak
license,0.0012897414859994309,en,daybreak
commotion,0.00127963420640751,en,daybreak
butch,0.00127963420640751,en,daybreak
pressing,0.00127963420640751,en,daybreak
mutt,0.00127963420640751,en,daybreak
falsely,0.00127963420640751,en,daybreak
suction,0.00127963420640751,en,daybreak
conception,0.00127963420640751,en,daybreak
unsafe,0.00127963420640751,en,daybreak
conduit,0.00127963420640751,en,daybreak
habit,0.0012792493777861618,en,daybreak
divorce,0.0012792493777861618,en,daybreak
extremely,0.0012792493777861618,en,daybreak
background,0.0012792493777861618,en,daybreak
chick,0.0012688606417778137,en,daybreak
flash,0.0012688606417778137,en,daybreak
lack,0.0012688606417778137,en,daybreak
betray,0.0012688606417778137,en,daybreak
someplace,0.0012688606417778137,en,daybreak
latino,0.0012623466219829577,en,daybreak
booking,0.0012623466219829577,en,daybreak
questioning,0.0012623466219829577,en,daybreak
intuition,0.0012623466219829577,en,daybreak
papi,0.0012623466219829577,en,daybreak
squeeze,0.001258573260907281,en,daybreak
sugar,0.001258573260907281,en,daybreak
muscle,0.001258573260907281,en,daybreak
nuts,0.001258573260907281,en,daybreak
skip,0.001258573260907281,en,daybreak
version,0.001258573260907281,en,daybreak
visitor,0.001248385276575018,en,daybreak
uncle,0.001248385276575018,en,daybreak
grave,0.001248385276575018,en,daybreak
implode,0.0012456079434775614,en,daybreak
da,0.0012456079434775614,en,daybreak
publicist,0.0012456079434775614,en,daybreak
outrun,0.0012456079434775614,en,daybreak
cake,0.0012382947864109585,en,daybreak
policy,0.0012382947864109585,en,daybreak
super,0.0012382947864109585,en,daybreak
recommend,0.0012382947864109585,en,daybreak
torture,0.0012382947864109585,en,daybreak
string,0.0012382947864109585,en,daybreak
spin,0.0012382947864109585,en,daybreak
offender,0.0012293843838091629,en,daybreak
diligence,0.0012293843838091629,en,daybreak
wanted,0.0012293843838091629,en,daybreak
terry,0.0012293843838091629,en,daybreak
senseless,0.0012293843838091629,en,daybreak
exonerate,0.0012293843838091629,en,daybreak
boulevard,0.0012293843838091629,en,daybreak
regime,0.0012293843838091629,en,daybreak
degree,0.0012282999421425111,en,daybreak
bang,0.0012282999421425111,en,daybreak
sport,0.0012282999421425111,en,daybreak
queen,0.0012282999421425111,en,daybreak
loser,0.0012282999421425111,en,daybreak
guarantee,0.0012282999421425111,en,daybreak
secure,0.001218398947562653,en,daybreak
ugly,0.001218398947562653,en,daybreak
link,0.001218398947562653,en,daybreak
vote,0.001218398947562653,en,daybreak
highly,0.001218398947562653,en,daybreak
fully,0.001218398947562653,en,daybreak
magic,0.001218398947562653,en,daybreak
interview,0.001218398947562653,en,daybreak
physical,0.001218398947562653,en,daybreak
expensive,0.001218398947562653,en,daybreak
wash,0.001218398947562653,en,daybreak
strapped,0.001213645182546651,en,daybreak
abet,0.001213645182546651,en,daybreak
payoff,0.001213645182546651,en,daybreak
persona,0.001213645182546651,en,daybreak
criminal,0.0012085900565925363,en,daybreak
insane,0.0012085900565925363,en,daybreak
wine,0.0012085900565925363,en,daybreak
episode,0.0012085900565925363,en,daybreak
defend,0.0012085900565925363,en,daybreak
wide,0.0012085900565925363,en,daybreak
meat,0.0012085900565925363,en,daybreak
american,0.0012085900565925363,en,daybreak
church,0.0011988715714333768,en,daybreak
circumstance,0.0011988715714333768,en,daybreak
suicide,0.0011988715714333768,en,daybreak
tool,0.0011988715714333768,en,daybreak
celebrate,0.0011988715714333768,en,daybreak
pool,0.0011988715714333768,en,daybreak
standard,0.0011988715714333768,en,daybreak
bathroom,0.0011988715714333768,en,daybreak
biker,0.0011983622548632233,en,daybreak
solitude,0.0011983622548632233,en,daybreak
untouchable,0.0011983622548632233,en,daybreak
convene,0.0011983622548632233,en,daybreak
specific,0.0011892418408027366,en,daybreak
potential,0.0011892418408027366,en,daybreak
stranger,0.0011892418408027366,en,daybreak
back,0.0011892418408027366,en,daybreak
paint,0.0011892418408027366,en,daybreak
horrible,0.0011892418408027366,en,daybreak
aside,0.0011892418408027366,en,daybreak
nightmare,0.0011892418408027366,en,daybreak
delivery,0.0011892418408027366,en,daybreak
curly,0.0011835098899540123,en,daybreak
pillar,0.0011835098899540123,en,daybreak
violin,0.0011835098899540123,en,daybreak
ignition,0.0011835098899540123,en,daybreak
center,0.0011796992582506162,en,daybreak
tea,0.0011796992582506162,en,daybreak
harm,0.0011796992582506162,en,daybreak
dump,0.0011796992582506162,en,daybreak
immediately,0.0011796992582506162,en,daybreak
nail,0.0011796992582506162,en,daybreak
gas,0.0011796992582506162,en,daybreak
alarm,0.0011796992582506162,en,daybreak
flight,0.0011796992582506162,en,daybreak
speed,0.0011796992582506162,en,daybreak
grade,0.0011702422605510616,en,daybreak
spare,0.0011702422605510616,en,daybreak
sun,0.0011702422605510616,en,daybreak
season,0.0011702422605510616,en,daybreak
fish,0.0011702422605510616,en,daybreak
soft,0.0011702422605510616,en,daybreak
wire,0.0011702422605510616,en,daybreak
provide,0.0011702422605510616,en,daybreak
own,0.0011702422605510616,en,daybreak
powerful,0.0011702422605510616,en,daybreak
circulation,0.0011690644907830523,en,daybreak
fortress,0.0011690644907830523,en,daybreak
soul,0.0011608693261652553,en,daybreak
pair,0.0011608693261652553,en,daybreak
part,0.0011608693261652553,en,daybreak
ridiculous,0.0011608693261652553,en,daybreak
correct,0.0011608693261652553,en,daybreak
crack,0.0011608693261652553,en,daybreak
presidential,0.0011550043485439047,en,daybreak
prostitution,0.0011550043485439047,en,daybreak
intersection,0.0011550043485439047,en,daybreak
load,0.0011515789737723222,en,daybreak
dear,0.0011515789737723222,en,daybreak
ice,0.0011515789737723222,en,daybreak
isn,0.0011515789737723222,en,daybreak
blame,0.0011515789737723222,en,daybreak
movie,0.0011515789737723222,en,daybreak
borrow,0.0011515789737723222,en,daybreak
switch,0.0011515789737723222,en,daybreak
enemy,0.0011515789737723222,en,daybreak
odd,0.0011515789737723222,en,daybreak
depend,0.0011423697608642848,en,daybreak
concerned,0.0011423697608642848,en,daybreak
proof,0.0011423697608642848,en,daybreak
heavy,0.0011423697608642848,en,daybreak
pocket,0.0011423697608642848,en,daybreak
cricket,0.001141309446421704,en,daybreak
dj,0.001141309446421704,en,daybreak
distinction,0.001141309446421704,en,daybreak
untraceable,0.001141309446421704,en,daybreak
taunt,0.001141309446421704,en,daybreak
immigrant,0.001141309446421704,en,daybreak
applaud,0.001141309446421704,en,daybreak
firsthand,0.001141309446421704,en,daybreak
shoulda,0.001141309446421704,en,daybreak
alex,0.001141309446421704,en,daybreak
exterior,0.001141309446421704,en,daybreak
mic,0.001141309446421704,en,daybreak
kisser,0.001141309446421704,en,daybreak
tailor,0.001141309446421704,en,daybreak
microscope,0.001141309446421704,en,daybreak
bumpy,0.001141309446421704,en,daybreak
peace,0.0011332402824018569,en,daybreak
sight,0.0011332402824018569,en,daybreak
mad,0.0011332402824018569,en,daybreak
ruin,0.0011332402824018569,en,daybreak
suck,0.0011332402824018569,en,daybreak
dance,0.0011332402824018569,en,daybreak
plenty,0.0011332402824018569,en,daybreak
continue,0.0011332402824018569,en,daybreak
chase,0.0011332402824018569,en,daybreak
off,0.0011279612882039616,en,daybreak
genetically,0.0011279612882039616,en,daybreak
hypothetical,0.0011279612882039616,en,daybreak
gambler,0.0011279612882039616,en,daybreak
credible,0.0011279612882039616,en,daybreak
afterward,0.0011279612882039616,en,daybreak
cosmic,0.0011279612882039616,en,daybreak
flinch,0.0011279612882039616,en,daybreak
travel,0.0011241891695279195,en,daybreak
don,0.0011241891695279195,en,daybreak
quit,0.0011241891695279195,en,daybreak
beginning,0.0011241891695279195,en,daybreak
familiar,0.0011241891695279195,en,daybreak
lunch,0.0011241891695279195,en,daybreak
price,0.0011241891695279195,en,daybreak
scream,0.0011241891695279195,en,daybreak
sad,0.0011241891695279195,en,daybreak
tv,0.0011241891695279195,en,daybreak
tip,0.0011241891695279195,en,daybreak
strike,0.0011152150883357531,en,daybreak
willing,0.0011152150883357531,en,daybreak
breathe,0.0011152150883357531,en,daybreak
afternoon,0.0011152150883357531,en,daybreak
press,0.0011152150883357531,en,daybreak
cash,0.0011152150883357531,en,daybreak
sake,0.0011152150883357531,en,daybreak
bouncer,0.0011149427480574288,en,daybreak
bulletin,0.0011149427480574288,en,daybreak
casing,0.0011149427480574288,en,daybreak
interaction,0.0011149427480574288,en,daybreak
hitter,0.0011149427480574288,en,daybreak
star,0.0011063167386892402,en,daybreak
finger,0.0011063167386892402,en,daybreak
fit,0.0011063167386892402,en,daybreak
beg,0.0011063167386892402,en,daybreak
issue,0.0011063167386892402,en,daybreak
post,0.0011063167386892402,en,daybreak
wound,0.0011063167386892402,en,daybreak
trick,0.0011063167386892402,en,daybreak
bulk,0.0011022379384097254,en,daybreak
solitary,0.0011022379384097254,en,daybreak
painter,0.0011022379384097254,en,daybreak
marina,0.0011022379384097254,en,daybreak
canvas,0.0011022379384097254,en,daybreak
transformation,0.0011022379384097254,en,daybreak
hungry,0.0010974928530924353,en,daybreak
box,0.0010974928530924353,en,daybreak
fail,0.0010974928530924353,en,daybreak
jump,0.0010974928530924353,en,daybreak
forever,0.0010974928530924353,en,daybreak
left,0.0010974928530924353,en,daybreak
swiss,0.001089832093378894,en,daybreak
pasta,0.001089832093378894,en,daybreak
shakespeare,0.001089832093378894,en,daybreak
retainer,0.001089832093378894,en,daybreak
mri,0.001089832093378894,en,daybreak
thoroughly,0.001089832093378894,en,daybreak
taco,0.001089832093378894,en,daybreak
differ,0.001089832093378894,en,daybreak
double,0.001088742195606042,en,daybreak
imagine,0.001088742195606042,en,daybreak
attention,0.001088742195606042,en,daybreak
interested,0.001088742195606042,en,daybreak
suggest,0.001088742195606042,en,daybreak
impossible,0.001088742195606042,en,daybreak
completely,0.001088742195606042,en,daybreak
concern,0.001088742195606042,en,daybreak
age,0.001088742195606042,en,daybreak
proud,0.001088742195606042,en,daybreak
accident,0.001088742195606042,en,daybreak
allow,0.001088742195606042,en,daybreak
support,0.001088742195606042,en,daybreak
tear,0.001088742195606042,en,daybreak
test,0.001088742195606042,en,daybreak
company,0.0010800635608084821,en,daybreak
knock,0.0010800635608084821,en,daybreak
outside,0.0010800635608084821,en,daybreak
apparently,0.0010800635608084821,en,daybreak
strong,0.0010800635608084821,en,daybreak
hot,0.0010800635608084821,en,daybreak
spouse,0.0010777114656056145,en,daybreak
latch,0.0010777114656056145,en,daybreak
planner,0.0010777114656056145,en,daybreak
rewrite,0.0010777114656056145,en,daybreak
me,0.0010777114656056145,en,daybreak
water,0.0010714557727993692,en,daybreak
absolutely,0.0010714557727993692,en,daybreak
notice,0.0010714557727993692,en,daybreak
hair,0.0010714557727993692,en,daybreak
share,0.0010714557727993692,en,daybreak
peacefully,0.001065863234680412,en,daybreak
intel,0.001065863234680412,en,daybreak
lewis,0.001065863234680412,en,daybreak
prosecute,0.001065863234680412,en,daybreak
steal,0.0010629176842433304,en,daybreak
quiet,0.0010629176842433304,en,daybreak
assume,0.0010629176842433304,en,daybreak
young,0.0010629176842433304,en,daybreak
compelling,0.0010542754256363887,en,daybreak
tread,0.0010542754256363887,en,daybreak
weasel,0.0010542754256363887,en,daybreak
ol,0.0010429368362083156,en,daybreak
yelling,0.0010429368362083156,en,daybreak
funky,0.0010429368362083156,en,daybreak
questionable,0.0010429368362083156,en,daybreak
implicate,0.0010429368362083156,en,daybreak
accommodate,0.0010429368362083156,en,daybreak
pod,0.0010318369717504637,en,daybreak
careless,0.0010318369717504637,en,daybreak
sheer,0.0010318369717504637,en,daybreak
awareness,0.0010318369717504637,en,daybreak
prosecution,0.0010318369717504637,en,daybreak
truthfully,0.0010318369717504637,en,daybreak
related,0.0010318369717504637,en,daybreak
jammed,0.0010209659868654387,en,daybreak
boarding,0.0010209659868654387,en,daybreak
smug,0.0010209659868654387,en,daybreak
axe,0.0010209659868654387,en,daybreak
feast,0.0010209659868654387,en,daybreak
sunrise,0.0010209659868654387,en,daybreak
rumble,0.0010209659868654387,en,daybreak
f,0.0010103146329303618,en,daybreak
taint,0.0010103146329303618,en,daybreak
less,0.0010103146329303618,en,daybreak
slug,0.0010103146329303618,en,daybreak
shampoo,0.0010103146329303618,en,daybreak
insensitive,0.0010103146329303618,en,daybreak
secondly,0.0009998742108195532,en,daybreak
restroom,0.0009998742108195532,en,daybreak
pier,0.0009998742108195532,en,daybreak
clarify,0.0009896365282181553,en,daybreak
rethink,0.0009896365282181553,en,daybreak
liaison,0.0009795938610019017,en,daybreak
dictate,0.0009795938610019017,en,daybreak
mia,0.0009795938610019017,en,daybreak
classify,0.0009795938610019017,en,daybreak
commander,0.0009795938610019017,en,daybreak
assessment,0.0009795938610019017,en,daybreak
disagreement,0.0009795938610019017,en,daybreak
rookie,0.0009697389182269145,en,daybreak
z,0.0009697389182269145,en,daybreak
hog,0.0009697389182269145,en,daybreak
bypass,0.0009697389182269145,en,daybreak
sibling,0.0009697389182269145,en,daybreak
lobster,0.0009697389182269145,en,daybreak
shipping,0.0009697389182269145,en,daybreak
out,0.0009697389182269145,en,daybreak
relive,0.0009697389182269145,en,daybreak
fracture,0.0009600648103320145,en,daybreak
postpone,0.0009600648103320145,en,daybreak
amy,0.0009600648103320145,en,daybreak
audio,0.0009600648103320145,en,daybreak
spa,0.0009600648103320145,en,daybreak
sour,0.0009600648103320145,en,daybreak
disgrace,0.0009600648103320145,en,daybreak
henry,0.0009600648103320145,en,daybreak
notion,0.0009505650202061769,en,daybreak
damned,0.0009505650202061769,en,daybreak
irrational,0.0009505650202061769,en,daybreak
hallucination,0.0009505650202061769,en,daybreak
downstair,0.0009505650202061769,en,daybreak
juicy,0.0009505650202061769,en,daybreak
mattress,0.0009505650202061769,en,daybreak
academy,0.0009505650202061769,en,daybreak
hump,0.0009412333768168072,en,daybreak
swipe,0.0009412333768168072,en,daybreak
hustle,0.0009412333768168072,en,daybreak
artery,0.0009412333768168072,en,daybreak
whispering,0.0009412333768168072,en,daybreak
lamb,0.0009412333768168072,en,daybreak
acquaintance,0.0009412333768168072,en,daybreak
shaft,0.0009412333768168072,en,daybreak
thug,0.0009320640311315748,en,daybreak
frequency,0.0009320640311315748,en,daybreak
hopeless,0.0009320640311315748,en,daybreak
bulb,0.0009320640311315748,en,daybreak
puff,0.0009320640311315748,en,daybreak
automatic,0.0009320640311315748,en,daybreak
rebel,0.0009320640311315748,en,daybreak
kindly,0.0009320640311315748,en,daybreak
calling,0.0009320640311315748,en,daybreak
tactic,0.0009320640311315748,en,daybreak
excite,0.0009320640311315748,en,daybreak
highlight,0.0009320640311315748,en,daybreak
memorize,0.0009320640311315748,en,daybreak
cleaner,0.0009230514340985229,en,daybreak
scientific,0.0009230514340985229,en,daybreak
believer,0.0009230514340985229,en,daybreak
mexican,0.0009230514340985229,en,daybreak
making,0.0009230514340985229,en,daybreak
rice,0.0009230514340985229,en,daybreak
clerk,0.000914190316476864,en,daybreak
curl,0.000914190316476864,en,daybreak
shack,0.000914190316476864,en,daybreak
flashlight,0.000914190316476864,en,daybreak
incoming,0.000914190316476864,en,daybreak
premise,0.000914190316476864,en,daybreak
whiskey,0.000914190316476864,en,daybreak
honorable,0.000914190316476864,en,daybreak
whereabouts,0.000914190316476864,en,daybreak
elaborate,0.0009054756703348873,en,daybreak
lodge,0.0009054756703348873,en,daybreak
psychopath,0.0009054756703348873,en,daybreak
adore,0.0009054756703348873,en,daybreak
gal,0.0009054756703348873,en,daybreak
equation,0.0009054756703348873,en,daybreak
bandage,0.0009054756703348873,en,daybreak
moan,0.0009054756703348873,en,daybreak
messenger,0.0009054756703348873,en,daybreak
regardless,0.0009054756703348873,en,daybreak
flavor,0.0009054756703348873,en,daybreak
dice,0.0008969027320523114,en,daybreak
naughty,0.0008969027320523114,en,daybreak
diner,0.0008969027320523114,en,daybreak
specialty,0.0008969027320523114,en,daybreak
pissed,0.0008969027320523114,en,daybreak
insanity,0.0008969027320523114,en,daybreak
irrelevant,0.0008969027320523114,en,daybreak
alternate,0.0008884669666826277,en,daybreak
apparent,0.0008884669666826277,en,daybreak
blaze,0.0008884669666826277,en,daybreak
email,0.0008884669666826277,en,daybreak
compassion,0.0008884669666826277,en,daybreak
thorough,0.0008884669666826277,en,daybreak
itch,0.0008884669666826277,en,daybreak
preliminary,0.0008884669666826277,en,daybreak
enforcement,0.0008884669666826277,en,daybreak
region,0.0008884669666826277,en,daybreak
relaxed,0.0008801640535469152,en,daybreak
glue,0.0008801640535469152,en,daybreak
extract,0.0008801640535469152,en,daybreak
inconvenience,0.0008801640535469152,en,daybreak
rational,0.0008801640535469152,en,daybreak
hilarious,0.0008801640535469152,en,daybreak
accessory,0.0008801640535469152,en,daybreak
interrogation,0.0008801640535469152,en,daybreak
pea,0.0008719898729445555,en,daybreak
jeopardy,0.0008719898729445555,en,daybreak
rifle,0.0008719898729445555,en,daybreak
ace,0.0008719898729445555,en,daybreak
mortgage,0.0008639404938785166,en,daybreak
resent,0.0008639404938785166,en,daybreak
mint,0.0008639404938785166,en,daybreak
mum,0.0008639404938785166,en,daybreak
headline,0.0008639404938785166,en,daybreak
wax,0.0008639404938785166,en,daybreak
lethal,0.0008639404938785166,en,daybreak
jungle,0.0008639404938785166,en,daybreak
passionate,0.0008639404938785166,en,daybreak
santa,0.0008639404938785166,en,daybreak
freaky,0.0008560121627036595,en,daybreak
discovery,0.0008560121627036595,en,daybreak
retirement,0.0008560121627036595,en,daybreak
rival,0.0008560121627036595,en,daybreak
contribute,0.0008560121627036595,en,daybreak
pat,0.0008482012926160046,en,daybreak
importance,0.0008482012926160046,en,daybreak
airplane,0.0008482012926160046,en,daybreak
perimeter,0.0008482012926160046,en,daybreak
rape,0.0008482012926160046,en,daybreak
butcher,0.0008482012926160046,en,daybreak
wha,0.0008482012926160046,en,daybreak
lookin,0.0008482012926160046,en,daybreak
wealthy,0.0008482012926160046,en,daybreak
district,0.0008482012926160046,en,daybreak
mama,0.0008482012926160046,en,daybreak
empire,0.000840504453909291,en,daybreak
tension,0.000840504453909291,en,daybreak
unacceptable,0.000840504453909291,en,daybreak
slaughter,0.000840504453909291,en,daybreak
penalty,0.000840504453909291,en,daybreak
undercover,0.0008329183649325771,en,daybreak
sunshine,0.0008329183649325771,en,daybreak
illness,0.0008329183649325771,en,daybreak
petty,0.0008329183649325771,en,daybreak
vegetable,0.0008329183649325771,en,daybreak
initiate,0.0008329183649325771,en,daybreak
pepper,0.0008329183649325771,en,daybreak
casual,0.0008329183649325771,en,daybreak
estimate,0.0008329183649325771,en,daybreak
african,0.0008329183649325771,en,daybreak
collar,0.0008254398836892149,en,daybreak
exclusive,0.0008254398836892149,en,daybreak
anxiety,0.0008254398836892149,en,daybreak
missing,0.0008254398836892149,en,daybreak
convict,0.0008254398836892149,en,daybreak
stunt,0.0008254398836892149,en,daybreak
sponsor,0.0008254398836892149,en,daybreak
dodge,0.0008254398836892149,en,daybreak
corrupt,0.0008254398836892149,en,daybreak
somewhat,0.0008254398836892149,en,daybreak
dispatch,0.0008254398836892149,en,daybreak
terrified,0.0008254398836892149,en,daybreak
laptop,0.0008254398836892149,en,daybreak
sauce,0.000818066000023366,en,daybreak
fond,0.000818066000023366,en,daybreak
traitor,0.000818066000023366,en,daybreak
champion,0.000818066000023366,en,daybreak
gag,0.000818066000023366,en,daybreak
dna,0.000818066000023366,en,daybreak
production,0.000818066000023366,en,daybreak
bee,0.0008107938283454328,en,daybreak
prescription,0.0008107938283454328,en,daybreak
soap,0.0008107938283454328,en,daybreak
cowboy,0.0008107938283454328,en,daybreak
picnic,0.0008107938283454328,en,daybreak
shiny,0.0008107938283454328,en,daybreak
cabinet,0.0008107938283454328,en,daybreak
engineer,0.0008107938283454328,en,daybreak
handful,0.0008036206008524059,en,daybreak
zip,0.0008036206008524059,en,daybreak
shred,0.0008036206008524059,en,daybreak
percent,0.0008036206008524059,en,daybreak
goose,0.0008036206008524059,en,daybreak
distant,0.0008036206008524059,en,daybreak
gamble,0.0008036206008524059,en,daybreak
rear,0.0008036206008524059,en,daybreak
forehead,0.0008036206008524059,en,daybreak
pinch,0.0007965436612032639,en,daybreak
magical,0.0007965436612032639,en,daybreak
mall,0.0007965436612032639,en,daybreak
excitement,0.0007965436612032639,en,daybreak
executive,0.0007965436612032639,en,daybreak
sniff,0.0007965436612032639,en,daybreak
appetite,0.0007965436612032639,en,daybreak
prior,0.0007965436612032639,en,daybreak
deed,0.0007965436612032639,en,daybreak
bay,0.0007965436612032639,en,daybreak
rattle,0.0007965436612032639,en,daybreak
mistaken,0.0007895604586132587,en,daybreak
mayor,0.0007895604586132587,en,daybreak
grocery,0.0007895604586132587,en,daybreak
passenger,0.0007895604586132587,en,daybreak
stubborn,0.0007895604586132587,en,daybreak
stack,0.0007895604586132587,en,daybreak
campaign,0.0007826685423342299,en,daybreak
nest,0.0007826685423342299,en,daybreak
anonymous,0.0007826685423342299,en,daybreak
ms,0.0007826685423342299,en,daybreak
mutual,0.0007826685423342299,en,daybreak
tiger,0.0007826685423342299,en,daybreak
painting,0.0007826685423342299,en,daybreak
liquor,0.0007826685423342299,en,daybreak
can,0.0007826685423342299,en,daybreak
international,0.0007826685423342299,en,daybreak
assist,0.0007826685423342299,en,daybreak
daylight,0.0007826685423342299,en,daybreak
shotgun,0.0007826685423342299,en,daybreak
fee,0.0007826685423342299,en,daybreak
dime,0.0007826685423342299,en,daybreak
gunshot,0.0007758655564910576,en,daybreak
waitress,0.0007758655564910576,en,daybreak
swap,0.0007758655564910576,en,daybreak
vest,0.0007758655564910576,en,daybreak
cruise,0.0007691492352470327,en,daybreak
roger,0.0007691492352470327,en,daybreak
bout,0.0007691492352470327,en,daybreak
surrender,0.0007691492352470327,en,daybreak
maid,0.0007691492352470327,en,daybreak
formal,0.0007691492352470327,en,daybreak
blend,0.0007691492352470327,en,daybreak
sore,0.0007691492352470327,en,daybreak
protective,0.0007691492352470327,en,daybreak
pleasant,0.0007691492352470327,en,daybreak
costume,0.0007625173982733154,en,daybreak
grind,0.0007625173982733154,en,daybreak
cart,0.0007625173982733154,en,daybreak
goin,0.0007625173982733154,en,daybreak
satisfied,0.0007625173982733154,en,daybreak
cuff,0.0007625173982733154,en,daybreak
urge,0.0007625173982733154,en,daybreak
chamber,0.0007625173982733154,en,daybreak
jaw,0.0007625173982733154,en,daybreak
drama,0.0007625173982733154,en,daybreak
replacement,0.0007625173982733154,en,daybreak
clip,0.0007559679464998166,en,daybreak
concept,0.0007559679464998166,en,daybreak
orange,0.0007559679464998166,en,daybreak
golf,0.0007559679464998166,en,daybreak
education,0.0007559679464998166,en,daybreak
hood,0.0007559679464998166,en,daybreak
bluff,0.0007559679464998166,en,daybreak
baseball,0.0007559679464998166,en,daybreak
sober,0.0007559679464998166,en,daybreak
scrub,0.0007494988581267823,en,daybreak
foundation,0.0007494988581267823,en,daybreak
bean,0.0007494988581267823,en,daybreak
corporate,0.0007494988581267823,en,daybreak
unexpected,0.0007494988581267823,en,daybreak
shrink,0.0007494988581267823,en,daybreak
blackmail,0.0007431081848781175,en,daybreak
transport,0.0007431081848781175,en,daybreak
limited,0.0007431081848781175,en,daybreak
v,0.0007431081848781175,en,daybreak
management,0.0007431081848781175,en,daybreak
bud,0.0007431081848781175,en,daybreak
secretary,0.0007431081848781175,en,daybreak
lost,0.0007367940484790792,en,daybreak
haunt,0.0007367940484790792,en,daybreak
asset,0.0007367940484790792,en,daybreak
alternative,0.0007367940484790792,en,daybreak
behalf,0.0007367940484790792,en,daybreak
menu,0.0007367940484790792,en,daybreak
gentle,0.0007367940484790792,en,daybreak
kidding,0.0007367940484790792,en,daybreak
pulse,0.0007305546373424048,en,daybreak
strictly,0.0007305546373424048,en,daybreak
delicate,0.0007305546373424048,en,daybreak
mug,0.0007305546373424048,en,daybreak
junk,0.0007305546373424048,en,daybreak
misunderstanding,0.0007305546373424048,en,daybreak
forgot,0.0007305546373424048,en,daybreak
forth,0.0007305546373424048,en,daybreak
lap,0.0007305546373424048,en,daybreak
expectation,0.0007305546373424048,en,daybreak
headache,0.0007305546373424048,en,daybreak
thief,0.0007243882034482478,en,daybreak
smoking,0.0007243882034482478,en,daybreak
explore,0.0007243882034482478,en,daybreak
stole,0.0007243882034482478,en,daybreak
naturally,0.0007182930594044768,en,daybreak
previous,0.0007182930594044768,en,daybreak
rage,0.0007182930594044768,en,daybreak
decade,0.0007182930594044768,en,daybreak
competition,0.0007182930594044768,en,daybreak
fruit,0.0007182930594044768,en,daybreak
forbid,0.0007182930594044768,en,daybreak
description,0.0007182930594044768,en,daybreak
van,0.0007182930594044768,en,daybreak
steel,0.0007182930594044768,en,daybreak
monkey,0.0007122675756749681,en,daybreak
exception,0.0007122675756749681,en,daybreak
elevator,0.0007122675756749681,en,daybreak
lame,0.0007122675756749681,en,daybreak
closed,0.0007122675756749681,en,daybreak
passion,0.0007122675756749681,en,daybreak
yo,0.0007122675756749681,en,daybreak
sue,0.0007122675756749681,en,daybreak
newspaper,0.0007063101779645023,en,daybreak
pie,0.0007063101779645023,en,daybreak
nicely,0.0007063101779645023,en,daybreak
underestimate,0.0007063101779645023,en,daybreak
lower,0.0007063101779645023,en,daybreak
stink,0.0007063101779645023,en,daybreak
mental,0.0007063101779645023,en,daybreak
spell,0.000700419344749766,en,daybreak
thrill,0.000700419344749766,en,daybreak
whip,0.000700419344749766,en,daybreak
quote,0.000700419344749766,en,daybreak
motive,0.0006945936049467708,en,daybreak
counter,0.0006945936049467708,en,daybreak
shadow,0.0006945936049467708,en,daybreak
burst,0.0006945936049467708,en,daybreak
pity,0.0006945936049467708,en,daybreak
n,0.0006888315357057423,en,daybreak
stretch,0.0006888315357057423,en,daybreak
product,0.0006888315357057423,en,daybreak
conference,0.0006888315357057423,en,daybreak
relieve,0.0006888315357057423,en,daybreak
painful,0.0006888315357057423,en,daybreak
upside,0.0006888315357057423,en,daybreak
task,0.0006888315357057423,en,daybreak
assignment,0.0006888315357057423,en,daybreak
farm,0.0006888315357057423,en,daybreak
slice,0.0006831317603252137,en,daybreak
stall,0.0006831317603252137,en,daybreak
reputation,0.0006831317603252137,en,daybreak
fence,0.0006831317603252137,en,daybreak
instruction,0.0006831317603252137,en,daybreak
expense,0.0006831317603252137,en,daybreak
height,0.0006831317603252137,en,daybreak
loyalty,0.0006831317603252137,en,daybreak
salt,0.0006831317603252137,en,daybreak
smooth,0.0006831317603252137,en,daybreak
prize,0.0006831317603252137,en,daybreak
fascinating,0.0006831317603252137,en,daybreak
whore,0.0006831317603252137,en,daybreak
locate,0.0006774929462776692,en,daybreak
lean,0.0006774929462776692,en,daybreak
embarrass,0.0006774929462776692,en,daybreak
pipe,0.0006774929462776692,en,daybreak
chop,0.0006774929462776692,en,daybreak
yep,0.0006774929462776692,en,daybreak
firm,0.0006774929462776692,en,daybreak
g,0.0006719138033396589,en,daybreak
accomplish,0.0006719138033396589,en,daybreak
produce,0.0006719138033396589,en,daybreak
hug,0.0006719138033396589,en,daybreak
massive,0.0006719138033396589,en,daybreak
sin,0.0006719138033396589,en,daybreak
classic,0.0006719138033396589,en,daybreak
rumor,0.0006719138033396589,en,daybreak
compliment,0.0006719138033396589,en,daybreak
agreement,0.0006719138033396589,en,daybreak
film,0.0006719138033396589,en,daybreak
tone,0.0006719138033396589,en,daybreak
cast,0.0006663930818198175,en,daybreak
choke,0.0006663930818198175,en,daybreak
bike,0.0006663930818198175,en,daybreak
lifetime,0.0006663930818198175,en,daybreak
express,0.0006663930818198175,en,daybreak
cap,0.0006663930818198175,en,daybreak
goodness,0.0006663930818198175,en,daybreak
cab,0.0006663930818198175,en,daybreak
facility,0.0006663930818198175,en,daybreak
paperwork,0.0006663930818198175,en,daybreak
register,0.0006609295708787014,en,daybreak
function,0.0006609295708787014,en,daybreak
shy,0.0006609295708787014,en,daybreak
blank,0.0006609295708787014,en,daybreak
silver,0.0006609295708787014,en,daybreak
spit,0.0006609295708787014,en,daybreak
custody,0.0006609295708787014,en,daybreak
procedure,0.0006609295708787014,en,daybreak
successful,0.0006609295708787014,en,daybreak
relief,0.0006555220969347924,en,daybreak
experiment,0.0006555220969347924,en,daybreak
toss,0.0006555220969347924,en,daybreak
prisoner,0.0006555220969347924,en,daybreak
basement,0.0006555220969347924,en,daybreak
bore,0.0006555220969347924,en,daybreak
admire,0.0006555220969347924,en,daybreak
aid,0.0006555220969347924,en,daybreak
lover,0.0006555220969347924,en,daybreak
cheese,0.0006555220969347924,en,daybreak
pathetic,0.0006555220969347924,en,daybreak
pursue,0.0006555220969347924,en,daybreak
kidnap,0.0006555220969347924,en,daybreak
sea,0.0006555220969347924,en,daybreak
desert,0.0006555220969347924,en,daybreak
halfway,0.0006501695221514187,en,daybreak
pen,0.0006501695221514187,en,daybreak
dial,0.0006501695221514187,en,daybreak
joint,0.0006501695221514187,en,daybreak
babe,0.0006501695221514187,en,daybreak
narrow,0.0006501695221514187,en,daybreak
belt,0.0006501695221514187,en,daybreak
determine,0.0006501695221514187,en,daybreak
boot,0.0006501695221514187,en,daybreak
dumb,0.0006501695221514187,en,daybreak
log,0.0006501695221514187,en,daybreak
military,0.0006501695221514187,en,daybreak
attract,0.0006501695221514187,en,daybreak
solid,0.0006501695221514187,en,daybreak
current,0.0006501695221514187,en,daybreak
swallow,0.0006501695221514187,en,daybreak
illegal,0.0006448707429997154,en,daybreak
random,0.0006448707429997154,en,daybreak
bowl,0.0006448707429997154,en,daybreak
coincidence,0.0006448707429997154,en,daybreak
priority,0.0006448707429997154,en,daybreak
neighbor,0.0006448707429997154,en,daybreak
creep,0.0006448707429997154,en,daybreak
cancer,0.0006448707429997154,en,daybreak
stab,0.0006448707429997154,en,daybreak
react,0.0006448707429997154,en,daybreak
chief,0.0006448707429997154,en,daybreak
valuable,0.0006448707429997154,en,daybreak
exciting,0.0006396246888930809,en,daybreak
funeral,0.0006396246888930809,en,daybreak
downstairs,0.0006396246888930809,en,daybreak
pizza,0.0006396246888930809,en,daybreak
judgment,0.0006396246888930809,en,daybreak
devil,0.0006396246888930809,en,daybreak
disappoint,0.0006396246888930809,en,daybreak
chat,0.0006396246888930809,en,daybreak
trash,0.0006396246888930809,en,daybreak
flow,0.0006396246888930809,en,daybreak
refer,0.0006396246888930809,en,daybreak
guilt,0.0006396246888930809,en,daybreak
progress,0.0006344303208889069,en,daybreak
boring,0.0006344303208889069,en,daybreak
sample,0.0006344303208889069,en,daybreak
league,0.0006344303208889069,en,daybreak
route,0.0006344303208889069,en,daybreak
ray,0.0006344303208889069,en,daybreak
river,0.0006344303208889069,en,daybreak
b,0.0006292866304536405,en,daybreak
gold,0.0006292866304536405,en,daybreak
beach,0.0006292866304536405,en,daybreak
player,0.0006292866304536405,en,daybreak
decent,0.0006292866304536405,en,daybreak
hopefully,0.0006292866304536405,en,daybreak
nasty,0.0006292866304536405,en,daybreak
effort,0.000624192638287509,en,daybreak
slowly,0.000624192638287509,en,daybreak
explanation,0.000624192638287509,en,daybreak
nerve,0.000624192638287509,en,daybreak
actual,0.000624192638287509,en,daybreak
pot,0.000624192638287509,en,daybreak
reality,0.000624192638287509,en,daybreak
channel,0.000624192638287509,en,daybreak
bedroom,0.000624192638287509,en,daybreak
normally,0.000624192638287509,en,daybreak
transfer,0.000624192638287509,en,daybreak
cream,0.000624192638287509,en,daybreak
solution,0.000624192638287509,en,daybreak
struggle,0.000624192638287509,en,daybreak
perform,0.000624192638287509,en,daybreak
near,0.000624192638287509,en,daybreak
band,0.000624192638287509,en,daybreak
birth,0.000624192638287509,en,daybreak
technically,0.0006191473932054793,en,daybreak
location,0.0006191473932054793,en,daybreak
identify,0.0006191473932054793,en,daybreak
cousin,0.0006191473932054793,en,daybreak
bond,0.0006191473932054793,en,daybreak
bug,0.0006191473932054793,en,daybreak
sweetie,0.0006191473932054793,en,daybreak
appointment,0.0006191473932054793,en,daybreak
describe,0.0006191473932054793,en,daybreak
medium,0.0006191473932054793,en,daybreak
wipe,0.0006191473932054793,en,daybreak
exchange,0.0006141499710712556,en,daybreak
row,0.0006141499710712556,en,daybreak
incredible,0.0006141499710712556,en,daybreak
rent,0.0006141499710712556,en,daybreak
language,0.0006141499710712556,en,daybreak
owner,0.0006141499710712556,en,daybreak
mood,0.0006141499710712556,en,daybreak
button,0.0006141499710712556,en,daybreak
vision,0.0006141499710712556,en,daybreak
silly,0.0006091994737813265,en,daybreak
gather,0.0006091994737813265,en,daybreak
seek,0.0006091994737813265,en,daybreak
tall,0.0006091994737813265,en,daybreak
stress,0.0006091994737813265,en,daybreak
pant,0.0006091994737813265,en,daybreak
site,0.0006091994737813265,en,daybreak
gain,0.0006091994737813265,en,daybreak
storm,0.0006091994737813265,en,daybreak
meal,0.0006091994737813265,en,daybreak
respond,0.0006091994737813265,en,daybreak
thin,0.0006091994737813265,en,daybreak
legal,0.0006091994737813265,en,daybreak
quarter,0.0006042950282962681,en,daybreak
weak,0.0006042950282962681,en,daybreak
tap,0.0006042950282962681,en,daybreak
grant,0.0006042950282962681,en,daybreak
dare,0.0006042950282962681,en,daybreak
government,0.0006042950282962681,en,daybreak
chip,0.0006042950282962681,en,daybreak
holy,0.0006042950282962681,en,daybreak
staff,0.0006042950282962681,en,daybreak
professional,0.0006042950282962681,en,daybreak
north,0.0006042950282962681,en,daybreak
assure,0.0005994357857166884,en,daybreak
confuse,0.0005994357857166884,en,daybreak
soldier,0.0005994357857166884,en,daybreak
sneak,0.0005994357857166884,en,daybreak
teacher,0.0005994357857166884,en,daybreak
excited,0.0005994357857166884,en,daybreak
apology,0.0005994357857166884,en,daybreak
possibility,0.0005994357857166884,en,daybreak
separate,0.0005946209204013683,en,daybreak
bomb,0.0005946209204013683,en,daybreak
loud,0.0005946209204013683,en,daybreak
pound,0.0005946209204013683,en,daybreak
tail,0.0005946209204013683,en,daybreak
positive,0.0005946209204013683,en,daybreak
rat,0.0005946209204013683,en,daybreak
gut,0.0005946209204013683,en,daybreak
south,0.0005946209204013683,en,daybreak
abandon,0.0005946209204013683,en,daybreak
scratch,0.0005946209204013683,en,daybreak
awful,0.0005946209204013683,en,daybreak
inch,0.0005946209204013683,en,daybreak
exact,0.0005946209204013683,en,daybreak
song,0.0005946209204013683,en,daybreak
comfortable,0.0005946209204013683,en,daybreak
awake,0.0005946209204013683,en,daybreak
surround,0.0005946209204013683,en,daybreak
sacrifice,0.0005946209204013683,en,daybreak
god,0.0005898496291253081,en,daybreak
wild,0.0005898496291253081,en,daybreak
hardly,0.0005898496291253081,en,daybreak
property,0.0005898496291253081,en,daybreak
summer,0.0005898496291253081,en,daybreak
roof,0.0005898496291253081,en,daybreak
particular,0.0005898496291253081,en,daybreak
curious,0.0005898496291253081,en,daybreak
supply,0.0005898496291253081,en,daybreak
married,0.0005898496291253081,en,daybreak
panic,0.0005898496291253081,en,daybreak
video,0.0005898496291253081,en,daybreak
local,0.0005898496291253081,en,daybreak
source,0.0005898496291253081,en,daybreak
effect,0.0005898496291253081,en,daybreak
heat,0.0005898496291253081,en,daybreak
stage,0.0005851211302755308,en,daybreak
schedule,0.0005851211302755308,en,daybreak
view,0.0005851211302755308,en,daybreak
total,0.0005851211302755308,en,daybreak
faith,0.0005851211302755308,en,daybreak
living,0.0005851211302755308,en,daybreak
split,0.0005851211302755308,en,daybreak
copy,0.0005851211302755308,en,daybreak
nature,0.0005851211302755308,en,daybreak
bill,0.0005804346630826277,en,daybreak
apologize,0.0005804346630826277,en,daybreak
condition,0.0005804346630826277,en,daybreak
bite,0.0005804346630826277,en,daybreak
genius,0.0005804346630826277,en,daybreak
safety,0.0005804346630826277,en,daybreak
earn,0.0005804346630826277,en,daybreak
eventually,0.0005804346630826277,en,daybreak
guest,0.0005804346630826277,en,daybreak
mix,0.0005804346630826277,en,daybreak
market,0.0005804346630826277,en,daybreak
trade,0.0005804346630826277,en,daybreak
access,0.0005804346630826277,en,daybreak
shape,0.0005804346630826277,en,daybreak
regular,0.0005757894868861611,en,daybreak
final,0.0005757894868861611,en,daybreak
blind,0.0005757894868861611,en,daybreak
rise,0.0005757894868861611,en,daybreak
bastard,0.0005757894868861611,en,daybreak
beer,0.0005757894868861611,en,daybreak
bright,0.0005757894868861611,en,daybreak
animal,0.0005757894868861611,en,daybreak
original,0.0005757894868861611,en,daybreak
approach,0.0005711848804321424,en,daybreak
rip,0.0005711848804321424,en,daybreak
bottle,0.0005711848804321424,en,daybreak
honestly,0.0005711848804321424,en,daybreak
aware,0.0005711848804321424,en,daybreak
fat,0.0005666201412009284,en,daybreak
bone,0.0005666201412009284,en,daybreak
enter,0.0005666201412009284,en,daybreak
huge,0.0005666201412009284,en,daybreak
music,0.0005666201412009284,en,daybreak
wonderful,0.0005666201412009284,en,daybreak
shake,0.0005666201412009284,en,daybreak
prepare,0.0005666201412009284,en,daybreak
purpose,0.0005666201412009284,en,daybreak
shoe,0.0005666201412009284,en,daybreak
mile,0.0005620945847639598,en,daybreak
relationship,0.0005620945847639598,en,daybreak
ship,0.0005620945847639598,en,daybreak
rock,0.0005620945847639598,en,daybreak
personally,0.0005620945847639598,en,daybreak
cook,0.0005620945847639598,en,daybreak
necessary,0.0005620945847639598,en,daybreak
opinion,0.0005620945847639598,en,daybreak
sweetheart,0.0005620945847639598,en,daybreak
group,0.0005620945847639598,en,daybreak
class,0.0005620945847639598,en,daybreak
difficult,0.0005620945847639598,en,daybreak
neck,0.0005576075441678766,en,daybreak
option,0.0005576075441678766,en,daybreak
clothe,0.0005576075441678766,en,daybreak
smoke,0.0005576075441678766,en,daybreak
smile,0.0005576075441678766,en,daybreak
art,0.0005576075441678766,en,daybreak
forgive,0.0005576075441678766,en,daybreak
mark,0.0005576075441678766,en,daybreak
type,0.0005576075441678766,en,daybreak
green,0.0005576075441678766,en,daybreak
obvious,0.0005531583693446201,en,daybreak
clearly,0.0005531583693446201,en,daybreak
interest,0.0005531583693446201,en,daybreak
country,0.0005531583693446201,en,daybreak
responsible,0.0005531583693446201,en,daybreak
lift,0.0005531583693446201,en,daybreak
obviously,0.0005487464265462176,en,daybreak
include,0.0005487464265462176,en,daybreak
complete,0.0005487464265462176,en,daybreak
survive,0.0005487464265462176,en,daybreak
train,0.0005487464265462176,en,daybreak
poor,0.0005487464265462176,en,daybreak
event,0.0005487464265462176,en,daybreak
hasn,0.0005487464265462176,en,daybreak
raise,0.000544371097803021,en,daybreak
base,0.000544371097803021,en,daybreak
worth,0.000544371097803021,en,daybreak
air,0.000544371097803021,en,daybreak
cross,0.000544371097803021,en,daybreak
service,0.000544371097803021,en,daybreak
fear,0.0005400317804042411,en,daybreak
human,0.0005400317804042411,en,daybreak
wear,0.0005400317804042411,en,daybreak
accord,0.0005400317804042411,en,daybreak
date,0.0005357278863996846,en,daybreak
tired,0.0005357278863996846,en,daybreak
private,0.0005357278863996846,en,daybreak
begin,0.0005357278863996846,en,daybreak
feed,0.0005314588421216652,en,daybreak
heart,0.0005314588421216652,en,daybreak
