mot,poids_tfidf,langue,serie
ripper,0.2528665843258339,en,whitechapel
murder,0.1789207572455692,en,whitechapel
whitechapel,0.1277652177261887,en,whitechapel
eddowe,0.1261074548703842,en,whitechapel
killer,0.1000336341620995,en,whitechapel
mccormack,0.0991281547673799,en,whitechapel
buchan,0.092920158346319,en,whitechapel
kent,0.0882630349376224,en,whitechapel
cut,0.0792155784288177,en,whitechapel
alice,0.0720930379062349,en,whitechapel
fitz,0.0713367182639156,en,whitechapel
ripperologist,0.0696901187597393,en,whitechapel
suspect,0.0648866816186591,en,whitechapel
leary,0.0644443579775425,en,whitechapel
victim,0.0631917131111319,en,whitechapel
cathy,0.0621915977268903,en,whitechapel
night,0.0613940431517299,en,whitechapel
lee,0.0594768928604279,en,whitechapel
kill,0.0589382814256607,en,whitechapel
work,0.0589382814256607,en,whitechapel
police,0.0549818917542223,en,whitechapel
canonical,0.0545427058524326,en,whitechapel
chandler,0.0529033849264012,en,whitechapel
chapman,0.0505457422171789,en,whitechapel
ripperfan,0.0504429819481537,en,whitechapel
jack,0.0502581101532515,en,whitechapel
mutilate,0.0497532781815122,en,whitechapel
dead,0.0491152345213839,en,whitechapel
parcel,0.0486930160125231,en,whitechapel
body,0.0470342496921105,en,whitechapel
long,0.0466594727953147,en,whitechapel
masonic,0.0464600791731595,en,whitechapel
head,0.0442037110692455,en,whitechapel
bloody,0.0423980248850054,en,whitechapel
mile,0.0418909651460741,en,whitechapel
place,0.0417479493431763,en,whitechapel
fire,0.0417479493431763,en,whitechapel
grave,0.0407040534960475,en,whitechapel
book,0.0399259463180441,en,whitechapel
eye,0.0392921876171071,en,whitechapel
help,0.0392921876171071,en,whitechapel
witness,0.0389592764352109,en,whitechapel
conspiracy,0.0384020707248892,en,whitechapel
bayonet,0.0383131188372475,en,whitechapel
ripp,0.0381370325486826,en,whitechapel
abberline,0.0378322364611152,en,whitechapel
maduro,0.0378322364611152,en,whitechapel
die,0.0368364258910379,en,whitechapel
catch,0.0368364258910379,en,whitechapel
regimental,0.0368253474157385,en,whitechapel
detective,0.0361892124501593,en,whitechapel
cctv,0.0356683591319578,en,whitechapel
throat,0.0354307313225204,en,whitechapel
face,0.0346568155626077,en,whitechapel
happen,0.0343806641649687,en,whitechapel
stop,0.0343806641649687,en,whitechapel
clarence,0.0341816406343511,en,whitechapel
innit,0.0336971614781192,en,whitechapel
van,0.0334574357365669,en,whitechapel
stab,0.0330412403068637,en,whitechapel
kidney,0.0327977912342318,en,whitechapel
knife,0.0327052904515573,en,whitechapel
live,0.0319249024388995,en,whitechapel
job,0.0319249024388995,en,whitechapel
away,0.0319249024388995,en,whitechapel
shit,0.0318966919915803,en,whitechapel
apron,0.0318966919915803,en,whitechapel
copycat,0.0306492475203344,en,whitechapel
investigation,0.0302843034892896,en,whitechapel
lane,0.0301116921629102,en,whitechapel
like,0.0294691407128303,en,whitechapel
home,0.0294691407128303,en,whitechapel
great,0.0294691407128303,en,whitechapel
catherine,0.0293994772950216,en,whitechapel
sander,0.0293994772950216,en,whitechapel
hat,0.0293115974359255,en,whitechapel
hutchinson,0.028602774411512,en,whitechapel
soldier,0.0279211723073619,en,whitechapel
barrack,0.0278245805785846,en,whitechapel
theory,0.0272544087096311,en,whitechapel
street,0.0272303550849061,en,whitechapel
talk,0.0270133789867611,en,whitechapel
start,0.0270133789867611,en,whitechapel
eat,0.0270133789867611,en,whitechapel
stand,0.0270133789867611,en,whitechapel
mutilation,0.0260336273745368,en,whitechapel
wilke,0.0259750483835941,en,whitechapel
wound,0.0257656124504889,en,whitechapel
mason,0.0252473641027144,en,whitechapel
hanbury,0.0252214909740768,en,whitechapel
obbo,0.0252214909740768,en,whitechapel
deerstalker,0.0252214909740768,en,whitechapel
mary,0.0248303886994188,en,whitechapel
inquiry,0.0248234687857454,en,whitechapel
believe,0.0245576172606919,en,whitechapel
inspector,0.0235297671767884,en,whitechapel
tour,0.0234492779487404,en,whitechapel
skip,0.0234492779487404,en,whitechapel
stakeholder,0.0232300395865797,en,whitechapel
soco,0.0232300395865797,en,whitechapel
squaddie,0.0232300395865797,en,whitechapel
boss,0.02318905120544,en,whitechapel
phillip,0.0230481835456335,en,whitechapel
dark,0.0230040973601446,en,whitechapel
address,0.0228206784192239,en,whitechapel
commander,0.0228142944048348,en,whitechapel
wear,0.0226387691163308,en,whitechapel
serial,0.0224591488871343,en,whitechapel
tonight,0.0224583448038998,en,whitechapel
attack,0.0224583448038998,en,whitechapel
fine,0.0222793814331049,en,whitechapel
girl,0.0221018555346227,en,whitechapel
hand,0.0221018555346227,en,whitechapel
different,0.0221018555346227,en,whitechapel
kiry,0.021817082340973,en,whitechapel
fish,0.0218035269677049,en,whitechapel
labwork,0.0207211075554998,en,whitechapel
pub,0.0205364952412734,en,whitechapel
prostitute,0.0204986195213949,en,whitechapel
eyelid,0.0201662581589337,en,whitechapel
private,0.019962973159022,en,whitechapel
site,0.0198631691961235,en,whitechapel
mugging,0.0198387693474004,en,whitechapel
step,0.0196460938085535,en,whitechapel
remember,0.0196460938085535,en,whitechapel
real,0.0196460938085535,en,whitechapel
clear,0.0196460938085535,en,whitechapel
mother,0.0196460938085535,en,whitechapel
money,0.0196460938085535,en,whitechapel
life,0.0196460938085535,en,whitechapel
close,0.0196460938085535,en,whitechapel
sure,0.0196460938085535,en,whitechapel
check,0.0196460938085535,en,whitechapel
turn,0.0196460938085535,en,whitechapel
policeman,0.0194316187343745,en,whitechapel
square,0.0193878301899629,en,whitechapel
onlooker,0.0190685162743413,en,whitechapel
guv,0.0190685162743413,en,whitechapel
historical,0.019022265883004,en,whitechapel
envelope,0.0188830186038292,en,whitechapel
beer,0.0187738244886835,en,whitechapel
copper,0.0186292916046724,en,whitechapel
history,0.0184748546559733,en,whitechapel
enquiry,0.0184126737078692,en,whitechapel
arrest,0.0183272972514074,en,whitechapel
flap,0.0182514355238679,en,whitechapel
penetrate,0.0182514355238679,en,whitechapel
domestic,0.0182279935155508,en,whitechapel
respect,0.0178920757245569,en,whitechapel
hospital,0.0178920757245569,en,whitechapel
completely,0.0177494165482852,en,whitechapel
car,0.0176079315349239,en,whitechapel
flat,0.0175869584615553,en,whitechapel
report,0.0174676015141443,en,whitechapel
cover,0.0174676015141443,en,whitechapel
lady,0.0173284077813038,en,whitechapel
send,0.0173284077813038,en,whitechapel
game,0.0173284077813038,en,whitechapel
unsolvable,0.0173166989223961,en,whitechapel
woolly,0.0173166989223961,en,whitechapel
expert,0.0173035926061792,en,whitechapel
read,0.0171903320824843,en,whitechapel
save,0.0171903320824843,en,whitechapel
end,0.0171903320824843,en,whitechapel
wrong,0.0171903320824843,en,whitechapel
foot,0.0171903320824843,en,whitechapel
watch,0.0171903320824843,en,whitechapel
hear,0.0171903320824843,en,whitechapel
word,0.0171903320824843,en,whitechapel
new,0.0171903320824843,en,whitechapel
squad,0.0170142844281408,en,whitechapel
nearer,0.0168485807390596,en,whitechapel
filing,0.0167455863339908,en,whitechapel
intestine,0.0167455863339908,en,whitechapel
forensic,0.0167107645698097,en,whitechapel
larkin,0.0164212223203722,en,whitechapel
copy,0.0163526452257786,en,whitechapel
known,0.0163361873932228,en,whitechapel
prime,0.0161767683790542,en,whitechapel
officer,0.0160918495617287,en,whitechapel
east,0.0160425724134819,en,whitechapel
cole,0.0160280906844609,en,whitechapel
board,0.0157091119297778,en,whitechapel
press,0.0155837105740843,en,whitechapel
event,0.015336064906763,en,whitechapel
fail,0.015336064906763,en,whitechapel
midwife,0.015325247534899,en,whitechapel
injury,0.0152668107709956,en,whitechapel
double,0.0152137856128159,en,whitechapel
false,0.0151421517446448,en,whitechapel
france,0.0150082650747655,en,whitechapel
hair,0.0149722298692665,en,whitechapel
set,0.0149722298692665,en,whitechapel
attacker,0.0148940812714472,en,whitechapel
fact,0.0148529209554033,en,whitechapel
drink,0.0148529209554033,en,whitechapel
trust,0.0148529209554033,en,whitechapel
death,0.0148529209554033,en,whitechapel
moment,0.0148529209554033,en,whitechapel
community,0.0147755929230811,en,whitechapel
friend,0.0147345703564151,en,whitechapel
morning,0.0147345703564151,en,whitechapel
open,0.0147345703564151,en,whitechapel
boy,0.0147345703564151,en,whitechapel
question,0.0147345703564151,en,whitechapel
understand,0.0147345703564151,en,whitechapel
point,0.0147345703564151,en,whitechapel
bit,0.0147345703564151,en,whitechapel
change,0.0147345703564151,en,whitechapel
nice,0.0147345703564151,en,whitechapel
happy,0.0147345703564151,en,whitechapel
case,0.0147345703564151,en,whitechapel
passageway,0.014710505822937,en,whitechapel
regiment,0.014710505822937,en,whitechapel
posh,0.014710505822937,en,whitechapel
leather,0.0145823948124406,en,whitechapel
unit,0.0145371619628741,en,whitechapel
interview,0.0141879779972311,en,whitechapel
stabbing,0.0139122902892923,en,whitechapel
shift,0.0137373289372026,en,whitechapel
evidence,0.0133026354497989,en,whitechapel
fan,0.0133026354497989,en,whitechapel
shun,0.0132258462316003,en,whitechapel
accelerant,0.0132258462316003,en,whitechapel
chase,0.0131963247542667,en,whitechapel
scene,0.0131963247542667,en,whitechapel
desk,0.0131963247542667,en,whitechapel
pressure,0.0130909266081481,en,whitechapel
spot,0.0130909266081481,en,whitechapel
nemesis,0.0130168136872684,en,whitechapel
uterus,0.0130168136872684,en,whitechapel
park,0.0129864254784036,en,whitechapel
coroner,0.0128984682366978,en,whitechapel
red,0.0128828062252444,en,whitechapel
crest,0.0128163155038191,en,whitechapel
left,0.0127800540889692,en,whitechapel
round,0.0127800540889692,en,whitechapel
accomplice,0.0127746454030372,en,whitechapel
chocolate,0.0127278617948156,en,whitechapel
leak,0.0127278617948156,en,whitechapel
support,0.0126781546773466,en,whitechapel
track,0.0126781546773466,en,whitechapel
palace,0.0126528693217659,en,whitechapel
alchie,0.0126107454870384,en,whitechapel
guantanomo,0.0126107454870384,en,whitechapel
unlit,0.0126107454870384,en,whitechapel
benzoin,0.0126107454870384,en,whitechapel
phwoar,0.0126107454870384,en,whitechapel
clerkenwell,0.0126107454870384,en,whitechapel
llewellyn,0.0126107454870384,en,whitechapel
bousfield,0.0126107454870384,en,whitechapel
pcso,0.0126107454870384,en,whitechapel
charing,0.0126107454870384,en,whitechapel
wholemeal,0.0126107454870384,en,whitechapel
bethnal,0.0126107454870384,en,whitechapel
collodion,0.0126107454870384,en,whitechapel
khillaree,0.0126107454870384,en,whitechapel
lostherion,0.0126107454870384,en,whitechapel
savile,0.0126107454870384,en,whitechapel
aldershot,0.0126107454870384,en,whitechapel
noiseless,0.0126107454870384,en,whitechapel
longwinded,0.0126107454870384,en,whitechapel
souper,0.0126107454870384,en,whitechapel
springhill,0.0126107454870384,en,whitechapel
olala,0.0126107454870384,en,whitechapel
pricha,0.0126107454870384,en,whitechapel
buki,0.0126107454870384,en,whitechapel
inclusivity,0.0126107454870384,en,whitechapel
tiepin,0.0126107454870384,en,whitechapel
adherence,0.0126107454870384,en,whitechapel
abortionist,0.0126107454870384,en,whitechapel
ripperology,0.0126107454870384,en,whitechapel
abend,0.0126107454870384,en,whitechapel
theslum,0.0126107454870384,en,whitechapel
kid,0.0125770939535171,en,whitechapel
control,0.0124768582243887,en,whitechapel
date,0.0124768582243887,en,whitechapel
moustache,0.012438319545378,en,whitechapel
tomorrow,0.0123774341295027,en,whitechapel
son,0.0123774341295027,en,whitechapel
big,0.0123774341295027,en,whitechapel
pay,0.0123774341295027,en,whitechapel
blood,0.0123774341295027,en,whitechapel
course,0.0123774341295027,en,whitechapel
funny,0.0123774341295027,en,whitechapel
heart,0.0123774341295027,en,whitechapel
identity,0.0123141986990125,en,whitechapel
exactly,0.0122788086303459,en,whitechapel
ago,0.0122788086303459,en,whitechapel
use,0.0122788086303459,en,whitechapel
hell,0.0122788086303459,en,whitechapel
clean,0.0122788086303459,en,whitechapel
old,0.0122788086303459,en,whitechapel
house,0.0122788086303459,en,whitechapel
hour,0.0122788086303459,en,whitechapel
run,0.0122788086303459,en,whitechapel
lose,0.0122788086303459,en,whitechapel
gutte,0.0122596990081337,en,whitechapel
holme,0.0122596990081337,en,whitechapel
apologise,0.0122596990081337,en,whitechapel
abdomen,0.0120873471679142,en,whitechapel
vat,0.0120873471679142,en,whitechapel
caroline,0.0120873471679142,en,whitechapel
objective,0.0120724681280325,en,whitechapel
thigh,0.011961679797013,en,whitechapel
recognise,0.0119208389017952,en,whitechapel
trace,0.0119172539085394,en,whitechapel
pattern,0.0118204743384648,en,whitechapel
rob,0.0118204743384648,en,whitechapel
coat,0.0117246389743702,en,whitechapel
guider,0.0116150197932898,en,whitechapel
bunkum,0.0116150197932898,en,whitechapel
shortest,0.0116150197932898,en,whitechapel
fally,0.0116150197932898,en,whitechapel
obliquely,0.0116150197932898,en,whitechapel
andouille,0.0116150197932898,en,whitechapel
shabbily,0.0116150197932898,en,whitechapel
sodden,0.0116150197932898,en,whitechapel
ricorod,0.0116150197932898,en,whitechapel
reachin,0.0116150197932898,en,whitechapel
wentworth,0.0116150197932898,en,whitechapel
crappuccino,0.0116150197932898,en,whitechapel
nib,0.0116150197932898,en,whitechapel
identify,0.0115357284041194,en,whitechapel
skirt,0.0115344711332006,en,whitechapel
meal,0.0113503823977849,en,whitechapel
jill,0.0113060971898332,en,whitechapel
gorilla,0.0113060971898332,en,whitechapel
neighbour,0.0111637242226605,en,whitechapel
tom,0.0111306832248274,en,whitechapel
brick,0.0111306832248274,en,whitechapel
gut,0.0110787601085502,en,whitechapel
south,0.0110787601085502,en,whitechapel
inch,0.0110787601085502,en,whitechapel
detach,0.0110253622997713,en,whitechapel
tea,0.010989863149762,en,whitechapel
driver,0.010989863149762,en,whitechapel
dissimilarity,0.0109085411704865,en,whitechapel
ileum,0.0109085411704865,en,whitechapel
paperless,0.0109085411704865,en,whitechapel
loonie,0.0109085411704865,en,whitechapel
phenyl,0.0109085411704865,en,whitechapel
breastbone,0.0109085411704865,en,whitechapel
nonce,0.0109085411704865,en,whitechapel
erroneously,0.0109085411704865,en,whitechapel
piste,0.0109085411704865,en,whitechapel
boning,0.0109085411704865,en,whitechapel
colour,0.0107598098745104,en,whitechapel
distinctive,0.0107598098745104,en,whitechapel
imminent,0.0107598098745104,en,whitechapel
regular,0.0107278997078191,en,whitechapel
excellent,0.0106421083598391,en,whitechapel
hire,0.0106421083598391,en,whitechapel
biscuit,0.0106322306638601,en,whitechapel
incision,0.0106322306638601,en,whitechapel
clothing,0.0105636892871658,en,whitechapel
area,0.0105570598034133,en,whitechapel
bin,0.0105078816561885,en,whitechapel
nose,0.0104727412865185,en,whitechapel
mark,0.0103891403827229,en,whitechapel
shutter,0.0103866033103563,en,whitechapel
lodging,0.0103605537777499,en,whitechapel
vol,0.0103605537777499,en,whitechapel
spate,0.0103605537777499,en,whitechapel
teabag,0.0103605537777499,en,whitechapel
albanian,0.0103605537777499,en,whitechapel
rota,0.0103605537777499,en,whitechapel
cry,0.0103062449801955,en,whitechapel
terrible,0.0103062449801955,en,whitechapel
system,0.0102240432711753,en,whitechapel
team,0.0102240432711753,en,whitechapel
obviously,0.0102240432711753,en,whitechapel
poor,0.0102240432711753,en,whitechapel
waste,0.0102240432711753,en,whitechapel
public,0.0102240432711753,en,whitechapel
potato,0.0102085706568844,en,whitechapel
reckon,0.010152677030766,en,whitechapel
probable,0.010152677030766,en,whitechapel
enjoy,0.0101425237418772,en,whitechapel
base,0.0101425237418772,en,whitechapel
company,0.0100616751628136,en,whitechapel
beat,0.0100616751628136,en,whitechapel
state,0.0100616751628136,en,whitechapel
description,0.01003723072097,en,whitechapel
half,0.009981486579511,en,whitechapel
office,0.009981486579511,en,whitechapel
absolutely,0.009981486579511,en,whitechapel
hide,0.009981486579511,en,whitechapel
lead,0.009981486579511,en,whitechapel
ahead,0.009981486579511,en,whitechapel
definitely,0.009981486579511,en,whitechapel
bag,0.009981486579511,en,whitechapel
father,0.009981486579511,en,whitechapel
speculate,0.0099293875142981,en,whitechapel
kneel,0.0099293875142981,en,whitechapel
peeler,0.0099128154767379,en,whitechapel
encyclopaedia,0.0099128154767379,en,whitechapel
asphyxia,0.0099128154767379,en,whitechapel
inundate,0.0099128154767379,en,whitechapel
labourer,0.0099128154767379,en,whitechapel
hang,0.0099019473036022,en,whitechapel
smell,0.0099019473036022,en,whitechapel
young,0.0099019473036022,en,whitechapel
build,0.0099019473036022,en,whitechapel
plan,0.0099019473036022,en,whitechapel
love,0.0098230469042767,en,whitechapel
food,0.0098230469042767,en,whitechapel
expect,0.0098230469042767,en,whitechapel
world,0.0098230469042767,en,whitechapel
play,0.0098230469042767,en,whitechapel
walk,0.0098230469042767,en,whitechapel
bad,0.0098230469042767,en,whitechapel
meet,0.0098230469042767,en,whitechapel
hit,0.0098230469042767,en,whitechapel
ready,0.0098230469042767,en,whitechapel
suppose,0.0098230469042767,en,whitechapel
straight,0.0098230469042767,en,whitechapel
sign,0.0098230469042767,en,whitechapel
mistake,0.0098230469042767,en,whitechapel
bring,0.0098230469042767,en,whitechapel
possible,0.0098230469042767,en,whitechapel
answer,0.0098230469042767,en,whitechapel
recreate,0.0098214375984965,en,whitechapel
gay,0.0097874683217915,en,whitechapel
bruise,0.0097060610274325,en,whitechapel
director,0.0096255434480891,en,whitechapel
tactical,0.0096124050541646,en,whitechapel
slice,0.0095458963461117,en,whitechapel
whore,0.0095458963461117,en,whitechapel
framework,0.0095342581371706,en,whitechapel
whodunit,0.0095342581371706,en,whitechapel
sate,0.0095342581371706,en,whitechapel
manmade,0.0095342581371706,en,whitechapel
someof,0.0095342581371706,en,whitechapel
afresh,0.0095342581371706,en,whitechapel
sussex,0.0095342581371706,en,whitechapel
classic,0.0093891396839002,en,whitechapel
presence,0.0093891396839002,en,whitechapel
duke,0.0093146458023362,en,whitechapel
trail,0.0092356490242594,en,whitechapel
contaminate,0.0092192734182534,en,whitechapel
smog,0.0092063368539346,en,whitechapel
gore,0.0092063368539346,en,whitechapel
scaffolding,0.0092063368539346,en,whitechapel
licker,0.0092063368539346,en,whitechapel
unconnected,0.0092063368539346,en,whitechapel
dawes,0.0092063368539346,en,whitechapel
rippin,0.0092063368539346,en,whitechapel
guten,0.0092063368539346,en,whitechapel
disturbance,0.0091257177619339,en,whitechapel
famous,0.0090852910467868,en,whitechapel
yard,0.0090112473564173,en,whitechapel
gaydar,0.0089170897829894,en,whitechapel
thame,0.0089170897829894,en,whitechapel
sas,0.0089170897829894,en,whitechapel
delectable,0.0089170897829894,en,whitechapel
fallible,0.0089170897829894,en,whitechapel
touchin,0.0089170897829894,en,whitechapel
ray,0.0088653557538486,en,whitechapel
physician,0.00885529037503,en,whitechapel
mentor,0.0087683584870133,en,whitechapel
capture,0.0087222971777244,en,whitechapel
birth,0.0087222971777244,en,whitechapel
cleanliness,0.008658349461198,en,whitechapel
banal,0.008658349461198,en,whitechapel
epicenter,0.008658349461198,en,whitechapel
describe,0.0086517963030896,en,whitechapel
tourist,0.0085989788244652,en,whitechapel
council,0.0085989788244652,en,whitechapel
wedding,0.0085819636932452,en,whitechapel
stomach,0.0085819636932452,en,whitechapel
link,0.0085127867983386,en,whitechapel
health,0.0085127867983386,en,whitechapel
shower,0.0084442534187557,en,whitechapel
attempt,0.0084442534187557,en,whitechapel
north,0.0084442534187557,en,whitechapel
ambition,0.0084352462145106,en,whitechapel
website,0.0084352462145106,en,whitechapel
streak,0.0084352462145106,en,whitechapel
petechial,0.0084242903695298,en,whitechapel
openness,0.0084242903695298,en,whitechapel
carp,0.0084242903695298,en,whitechapel
hilt,0.0084242903695298,en,whitechapel
collusion,0.0084242903695298,en,whitechapel
torn,0.0084242903695298,en,whitechapel
pretence,0.0084242903695298,en,whitechapel
hunt,0.0083763516922085,en,whitechapel
emerge,0.0083553822849048,en,whitechapel
irrelevant,0.0083553822849048,en,whitechapel
emily,0.0083553822849048,en,whitechapel
medical,0.0083090700814126,en,whitechapel
solve,0.0083090700814126,en,whitechapel
exact,0.0083090700814126,en,whitechapel
separate,0.0083090700814126,en,whitechapel
evil,0.0083090700814126,en,whitechapel
cheer,0.0082423973623215,en,whitechapel
solicitor,0.0082106111601861,en,whitechapel
ruckus,0.0082106111601861,en,whitechapel
pathologist,0.0082106111601861,en,whitechapel
unwitting,0.0082106111601861,en,whitechapel
kfc,0.0082106111601861,en,whitechapel
connection,0.0081763226128893,en,whitechapel
myth,0.0081232986327802,en,whitechapel
safety,0.0081108352023323,en,whitechapel
correct,0.0081108352023323,en,whitechapel
shape,0.0081108352023323,en,whitechapel
eyeball,0.008048312085355,en,whitechapel
headline,0.008048312085355,en,whitechapel
mum,0.008048312085355,en,whitechapel
shoulder,0.0080459247808643,en,whitechapel
lovely,0.0080459247808643,en,whitechapel
original,0.0080459247808643,en,whitechapel
partner,0.0080459247808643,en,whitechapel
computer,0.0080459247808643,en,whitechapel
haemorrhage,0.0080140453422304,en,whitechapel
wharf,0.0080140453422304,en,whitechapel
snoring,0.0080140453422304,en,whitechapel
battered,0.0080140453422304,en,whitechapel
hostel,0.0080140453422304,en,whitechapel
threaten,0.0079815812698793,en,whitechapel
quickly,0.0079815812698793,en,whitechapel
piss,0.0079815812698793,en,whitechapel
drunk,0.0079815812698793,en,whitechapel
cup,0.0079815812698793,en,whitechapel
mobile,0.0079744531980086,en,whitechapel
facial,0.0079744531980086,en,whitechapel
enter,0.00791779485256,en,whitechapel
sight,0.00791779485256,en,whitechapel
guard,0.00791779485256,en,whitechapel
butcher,0.0079016885567295,en,whitechapel
perimeter,0.0079016885567295,en,whitechapel
rape,0.0079016885567295,en,whitechapel
court,0.0078545559648889,en,whitechapel
wind,0.0078545559648889,en,whitechapel
necessary,0.0078545559648889,en,whitechapel
eureka,0.0078320538206187,en,whitechapel
anthony,0.0078320538206187,en,whitechapel
mascara,0.0078320538206187,en,whitechapel
fitzgerald,0.0078320538206187,en,whitechapel
autopsy,0.0078299862109994,en,whitechapel
search,0.0077918552870421,en,whitechapel
focus,0.0077918552870421,en,whitechapel
cash,0.0077918552870421,en,whitechapel
contact,0.0077918552870421,en,whitechapel
destroy,0.0077296837351466,en,whitechapel
trick,0.0077296837351466,en,whitechapel
leg,0.0077296837351466,en,whitechapel
country,0.0077296837351466,en,whitechapel
dress,0.0077296837351466,en,whitechapel
post,0.0077296837351466,en,whitechapel
situation,0.0077296837351466,en,whitechapel
self,0.0077296837351466,en,whitechapel
memory,0.0077296837351466,en,whitechapel
survive,0.0076680324533815,en,whitechapel
corner,0.0076680324533815,en,whitechapel
suited,0.0076626237674495,en,whitechapel
theorist,0.0076626237674495,en,whitechapel
herring,0.0076626237674495,en,whitechapel
authorise,0.0076626237674495,en,whitechapel
sergeant,0.0076209536666675,en,whitechapel
dna,0.0076209536666675,en,whitechapel
liver,0.0076209536666675,en,whitechapel
suggest,0.0076068928064079,en,whitechapel
impossible,0.0076068928064079,en,whitechapel
phone,0.0076068928064079,en,whitechapel
imagine,0.0076068928064079,en,whitechapel
appreciate,0.0076068928064079,en,whitechapel
attention,0.0076068928064079,en,whitechapel
treat,0.0076068928064079,en,whitechapel
tie,0.0076068928064079,en,whitechapel
protect,0.0075462563721102,en,whitechapel
carry,0.0075462563721102,en,whitechapel
seat,0.0075462563721102,en,whitechapel
knock,0.0075462563721102,en,whitechapel
draw,0.0075462563721102,en,whitechapel
table,0.0075462563721102,en,whitechapel
school,0.0075462563721102,en,whitechapel
create,0.0075462563721102,en,whitechapel
organisation,0.0075041325373827,en,whitechapel
handmade,0.0075041325373827,en,whitechapel
horseshoe,0.0075041325373827,en,whitechapel
watson,0.0075041325373827,en,whitechapel
strangulation,0.0075041325373827,en,whitechapel
manipulator,0.0075041325373827,en,whitechapel
cobble,0.0075041325373827,en,whitechapel
record,0.0074861149346332,en,whitechapel
charge,0.0074861149346332,en,whitechapel
luck,0.0074861149346332,en,whitechapel
stick,0.0074861149346332,en,whitechapel
piece,0.0074861149346332,en,whitechapel
paper,0.0074861149346332,en,whitechapel
name,0.0074861149346332,en,whitechapel
road,0.0074861149346332,en,whitechapel
sense,0.0074264604777016,en,whitechapel
throw,0.0074264604777016,en,whitechapel
picture,0.0074264604777016,en,whitechapel
follow,0.0074264604777016,en,whitechapel
shut,0.0074264604777016,en,whitechapel
pull,0.0074264604777016,en,whitechapel
prove,0.0074264604777016,en,whitechapel
consider,0.0074264604777016,en,whitechapel
hate,0.0074264604777016,en,whitechapel
show,0.0074264604777016,en,whitechapel
message,0.0074264604777016,en,whitechapel
sit,0.0073672851782075,en,whitechapel
problem,0.0073672851782075,en,whitechapel
buy,0.0073672851782075,en,whitechapel
person,0.0073672851782075,en,whitechapel
door,0.0073672851782075,en,whitechapel
pick,0.0073672851782075,en,whitechapel
chance,0.0073672851782075,en,whitechapel
win,0.0073672851782075,en,whitechapel
lie,0.0073672851782075,en,whitechapel
stay,0.0073672851782075,en,whitechapel
little,0.0073672851782075,en,whitechapel
matter,0.0073672851782075,en,whitechapel
miss,0.0073672851782075,en,whitechapel
drive,0.0073672851782075,en,whitechapel
wife,0.0073672851782075,en,whitechapel
fall,0.0073672851782075,en,whitechapel
speak,0.0073672851782075,en,whitechapel
idea,0.0073672851782075,en,whitechapel
fast,0.0073672851782075,en,whitechapel
rule,0.0073672851782075,en,whitechapel
deep,0.0073672851782075,en,whitechapel
probably,0.0073672851782075,en,whitechapel
small,0.0073672851782075,en,whitechapel
second,0.0073672851782075,en,whitechapel
impartial,0.0073552529114685,en,whitechapel
bog,0.0073552529114685,en,whitechapel
grotesque,0.0073552529114685,en,whitechapel
regard,0.0072278220307563,en,whitechapel
organise,0.0072148854664375,en,whitechapel
recreation,0.0072148854664375,en,whitechapel
enrage,0.0072148854664375,en,whitechapel
skipper,0.0072148854664375,en,whitechapel
crease,0.0072148854664375,en,whitechapel
boast,0.0072148854664375,en,whitechapel
advisory,0.0072148854664375,en,whitechapel
mainstream,0.0072148854664375,en,whitechapel
mysterious,0.0071652540068931,en,whitechapel
blend,0.0071652540068931,en,whitechapel
russian,0.0071652540068931,en,whitechapel
fibre,0.0070821092538071,en,whitechapel
daft,0.0070821092538071,en,whitechapel
jagged,0.0070821092538071,en,whitechapel
squeamish,0.0070821092538071,en,whitechapel
vertebrae,0.0070821092538071,en,whitechapel
bollock,0.0070821092538071,en,whitechapel
conduct,0.0070424595247772,en,whitechapel
predict,0.0070424595247772,en,whitechapel
coma,0.0069821946772525,en,whitechapel
inkling,0.0069561451446461,en,whitechapel
anonymity,0.0069561451446461,en,whitechapel
unofficial,0.0069561451446461,en,whitechapel
division,0.0068638389875329,en,whitechapel
cheek,0.0068638389875329,en,whitechapel
province,0.0068363281268702,en,whitechapel
anterior,0.0068363281268702,en,whitechapel
perv,0.0068363281268702,en,whitechapel
arse,0.0068363281268702,en,whitechapel
snapshot,0.0068363281268702,en,whitechapel
horde,0.0068363281268702,en,whitechapel
inaccurate,0.0068363281268702,en,whitechapel
atrocity,0.0068363281268702,en,whitechapel
surveillance,0.0067482683976622,en,whitechapel
outing,0.0067220860529779,en,whitechapel
porter,0.0067220860529779,en,whitechapel
slasher,0.0067220860529779,en,whitechapel
restoration,0.0067220860529779,en,whitechapel
stealing,0.0067220860529779,en,whitechapel
thirty,0.0067220860529779,en,whitechapel
retina,0.0067220860529779,en,whitechapel
exception,0.0066353548397483,en,whitechapel
arsonist,0.0066129231158001,en,whitechapel
complexion,0.0066129231158001,en,whitechapel
printout,0.0066129231158001,en,whitechapel
dis,0.0066129231158001,en,whitechapel
bogeyman,0.0066129231158001,en,whitechapel
conundrum,0.0066129231158001,en,whitechapel
crackpot,0.0066129231158001,en,whitechapel
shabby,0.0066129231158001,en,whitechapel
carefully,0.0065798568091198,en,whitechapel
appeal,0.0065798568091198,en,whitechapel
complex,0.0065798568091198,en,whitechapel
spell,0.0065249788811943,en,whitechapel
lung,0.0065249788811943,en,whitechapel
handwritten,0.0065084068436342,en,whitechapel
prowl,0.0065084068436342,en,whitechapel
jamie,0.0065084068436342,en,whitechapel
subscribe,0.0065084068436342,en,whitechapel
motive,0.0064707073516216,en,whitechapel
patience,0.0064170289653927,en,whitechapel
murderer,0.0064170289653927,en,whitechapel
mate,0.0064170289653927,en,whitechapel
decisive,0.0064081577519095,en,whitechapel
woodwork,0.0064081577519095,en,whitechapel
colon,0.0064081577519095,en,whitechapel
broaden,0.0064081577519095,en,whitechapel
invert,0.0064081577519095,en,whitechapel
spat,0.0064081577519095,en,whitechapel
stamina,0.0064081577519095,en,whitechapel
assault,0.0063639308974078,en,whitechapel
sub,0.0063639308974078,en,whitechapel
violently,0.0063118410256786,en,whitechapel
snip,0.0063118410256786,en,whitechapel
prerogative,0.0063118410256786,en,whitechapel
seeker,0.0063118410256786,en,whitechapel
curry,0.0063118410256786,en,whitechapel
tangible,0.0063118410256786,en,whitechapel
commissioner,0.0063118410256786,en,whitechapel
unusual,0.0063114007340835,en,whitechapel
ambulance,0.0062594264559334,en,whitechapel
bloke,0.006219159772689,en,whitechapel
overkill,0.006219159772689,en,whitechapel
disposition,0.006219159772689,en,whitechapel
midnight,0.0062079964210608,en,whitechapel
glove,0.0061570993495062,en,whitechapel
plastic,0.0061570993495062,en,whitechapel
sarge,0.0061298495040668,en,whitechapel
compress,0.0061298495040668,en,whitechapel
aura,0.0061298495040668,en,whitechapel
disturb,0.0061067243083982,en,whitechapel
beauty,0.0060568606978579,en,whitechapel
pen,0.0060568606978579,en,whitechapel
humour,0.0060436735839571,en,whitechapel
goldfish,0.0060436735839571,en,whitechapel
abyss,0.0060436735839571,en,whitechapel
react,0.0060074982376115,en,whitechapel
transcript,0.0060074982376115,en,whitechapel
performer,0.0059604194508976,en,whitechapel
scrutiny,0.0059604194508976,en,whitechapel
torso,0.0059604194508976,en,whitechapel
judgement,0.0059604194508976,en,whitechapel
pompous,0.0059604194508976,en,whitechapel
devil,0.0059586269542697,en,whitechapel
side,0.0059102371692324,en,whitechapel
herbal,0.0058798954590043,en,whitechapel
restricted,0.0058798954590043,en,whitechapel
trouser,0.0058798954590043,en,whitechapel
obstruction,0.0058798954590043,en,whitechapel
simply,0.0058623194871851,en,whitechapel
bus,0.0058148647851496,en,whitechapel
near,0.0058148647851496,en,whitechapel
transfer,0.0058148647851496,en,whitechapel
clue,0.0058148647851496,en,whitechapel
client,0.0058148647851496,en,whitechapel
struggle,0.0058148647851496,en,whitechapel
unheard,0.0058019282208308,en,whitechapel
genital,0.0058019282208308,en,whitechapel
unexplained,0.0058019282208308,en,whitechapel
flashback,0.0058019282208308,en,whitechapel
location,0.0057678642020597,en,whitechapel
mystery,0.0057678642020597,en,whitechapel
refugee,0.0057263603592293,en,whitechapel
deodorant,0.0057263603592293,en,whitechapel
insinuate,0.0057263603592293,en,whitechapel
stride,0.0057263603592293,en,whitechapel
whiff,0.0057263603592293,en,whitechapel
craze,0.0057263603592293,en,whitechapel
bang,0.0057213091288301,en,whitechapel
require,0.0057213091288301,en,whitechapel
nurse,0.0057213091288301,en,whitechapel
row,0.0057213091288301,en,whitechapel
physical,0.0056751911988924,en,whitechapel
replace,0.0056751911988924,en,whitechapel
statement,0.0056751911988924,en,whitechapel
favour,0.0056530485949166,en,whitechapel
pornography,0.0056530485949166,en,whitechapel
seating,0.0056530485949166,en,whitechapel
icy,0.0056530485949166,en,whitechapel
spleen,0.0056530485949166,en,whitechapel
professional,0.0056295022791705,en,whitechapel
poison,0.0056295022791705,en,whitechapel
crawl,0.0056295022791705,en,whitechapel
relate,0.0056295022791705,en,whitechapel
marriage,0.0055842344614723,en,whitechapel
suicide,0.0055842344614723,en,whitechapel
aggravate,0.0055818621113302,en,whitechapel
furry,0.0055818621113302,en,whitechapel
irresistible,0.0055818621113302,en,whitechapel
delivery,0.0055393800542751,en,whitechapel
sacrifice,0.0055393800542751,en,whitechapel
nightmare,0.0055393800542751,en,whitechapel
positive,0.0055393800542751,en,whitechapel
burglary,0.0055126811498856,en,whitechapel
offence,0.0055126811498856,en,whitechapel
farewell,0.0055126811498856,en,whitechapel
tabloid,0.0055126811498856,en,whitechapel
tracker,0.0055126811498856,en,whitechapel
local,0.005494931574881,en,whitechapel
image,0.005494931574881,en,whitechapel
research,0.005494931574881,en,whitechapel
authority,0.005494931574881,en,whitechapel
supply,0.005494931574881,en,whitechapel
dump,0.005494931574881,en,whitechapel
likely,0.0054508817419262,en,whitechapel
birthday,0.0054508817419262,en,whitechapel
split,0.0054508817419262,en,whitechapel
boyfriend,0.0054508817419262,en,whitechapel
mail,0.0054508817419262,en,whitechapel
total,0.0054508817419262,en,whitechapel
remove,0.0054508817419262,en,whitechapel
foremost,0.0054453957977409,en,whitechapel
frenzy,0.0054453957977409,en,whitechapel
commit,0.0054072234682215,en,whitechapel
soul,0.0054072234682215,en,whitechapel
rough,0.0054072234682215,en,whitechapel
consist,0.0053799049372552,en,whitechapel
swab,0.0053799049372552,en,whitechapel
debrief,0.0053799049372552,en,whitechapel
compulsive,0.0053799049372552,en,whitechapel
domain,0.0053799049372552,en,whitechapel
lair,0.0053799049372552,en,whitechapel
sanction,0.0053799049372552,en,whitechapel
dvds,0.0053799049372552,en,whitechapel
enemy,0.0053639498539095,en,whitechapel
desperate,0.0053639498539095,en,whitechapel
letter,0.0053639498539095,en,whitechapel
prefer,0.0053639498539095,en,whitechapel
dear,0.0053639498539095,en,whitechapel
claim,0.0053639498539095,en,whitechapel
bastard,0.0053639498539095,en,whitechapel
page,0.0053639498539095,en,whitechapel
crime,0.0053639498539095,en,whitechapel
flower,0.0053210541799195,en,whitechapel
rip,0.0053210541799195,en,whitechapel
study,0.0053210541799195,en,whitechapel
advice,0.0053210541799195,en,whitechapel
trench,0.00531611533193,en,whitechapel
selling,0.00531611533193,en,whitechapel
marking,0.00531611533193,en,whitechapel
retrace,0.00531611533193,en,whitechapel
file,0.0052785299017066,en,whitechapel
fresh,0.0052785299017066,en,whitechapel
remain,0.0052785299017066,en,whitechapel
crap,0.0052785299017066,en,whitechapel
annie,0.0052539408280942,en,whitechapel
match,0.0052363706432592,en,whitechapel
suit,0.0052363706432592,en,whitechapel
camera,0.0052363706432592,en,whitechapel
emergency,0.0052363706432592,en,whitechapel
twice,0.0052363706432592,en,whitechapel
opinion,0.0052363706432592,en,whitechapel
receive,0.0052363706432592,en,whitechapel
screw,0.0051945701913614,en,whitechapel
block,0.0051945701913614,en,whitechapel
green,0.0051945701913614,en,whitechapel
sake,0.0051945701913614,en,whitechapel
coffee,0.0051945701913614,en,whitechapel
skin,0.0051945701913614,en,whitechapel
suitable,0.0051933016551781,en,whitechapel
accommodation,0.0051933016551781,en,whitechapel
ruth,0.0051933016551781,en,whitechapel
lay,0.0051531224900977,en,whitechapel
position,0.0051531224900977,en,whitechapel
fit,0.0051531224900977,en,whitechapel
beg,0.0051531224900977,en,whitechapel
lift,0.0051531224900977,en,whitechapel
conversation,0.0051531224900977,en,whitechapel
laugh,0.0051531224900977,en,whitechapel
black,0.0051531224900977,en,whitechapel
upstairs,0.0051531224900977,en,whitechapel
star,0.0051531224900977,en,whitechapel
serve,0.0051531224900977,en,whitechapel
com,0.0051531224900977,en,whitechapel
screwdriver,0.0051341238103183,en,whitechapel
chapel,0.0051341238103183,en,whitechapel
thought,0.0051120216355876,en,whitechapel
building,0.0051120216355876,en,whitechapel
release,0.0051120216355876,en,whitechapel
exist,0.0051120216355876,en,whitechapel
pinpoint,0.005076338515383,en,whitechapel
malt,0.005076338515383,en,whitechapel
plunge,0.005076338515383,en,whitechapel
salmon,0.005076338515383,en,whitechapel
phantom,0.005076338515383,en,whitechapel
incriminate,0.005076338515383,en,whitechapel
apart,0.0050712618709386,en,whitechapel
slow,0.0050712618709386,en,whitechapel
interested,0.0050712618709386,en,whitechapel
secret,0.0050712618709386,en,whitechapel
detail,0.0050712618709386,en,whitechapel
write,0.0050712618709386,en,whitechapel
handle,0.0050712618709386,en,whitechapel
tear,0.0050712618709386,en,whitechapel
mess,0.0050712618709386,en,whitechapel
force,0.0050308375814068,en,whitechapel
fair,0.0050308375814068,en,whitechapel
gentleman,0.0050308375814068,en,whitechapel
weapon,0.0050308375814068,en,whitechapel
human,0.0050308375814068,en,whitechapel
visit,0.0050308375814068,en,whitechapel
sister,0.0050308375814068,en,whitechapel
fear,0.0050308375814068,en,whitechapel
yesterday,0.0050308375814068,en,whitechapel
asylum,0.005019881736426,en,whitechapel
bob,0.005019881736426,en,whitechapel
enthusiasm,0.005019881736426,en,whitechapel
burn,0.0049907432897555,en,whitechapel
share,0.0049907432897555,en,whitechapel
dad,0.0049907432897555,en,whitechapel
surprise,0.0049907432897555,en,whitechapel
agree,0.0049907432897555,en,whitechapel
low,0.0049907432897555,en,whitechapel
dream,0.0049907432897555,en,whitechapel
involve,0.0049907432897555,en,whitechapel
disregard,0.004964693757149,en,whitechapel
oblige,0.004964693757149,en,whitechapel
atmosphere,0.004964693757149,en,whitechapel
jewish,0.004964693757149,en,whitechapel
horribly,0.004964693757149,en,whitechapel
significance,0.004964693757149,en,whitechapel
pretty,0.0049509736518011,en,whitechapel
bed,0.0049509736518011,en,whitechapel
trouble,0.0049509736518011,en,whitechapel
stuff,0.0049509736518011,en,whitechapel
interesting,0.0049509736518011,en,whitechapel
present,0.0049509736518011,en,whitechapel
glad,0.0049509736518011,en,whitechapel
floor,0.0049509736518011,en,whitechapel
assume,0.0049509736518011,en,whitechapel
steal,0.0049509736518011,en,whitechapel
perfect,0.0049509736518011,en,whitechapel
number,0.0049509736518011,en,whitechapel
alive,0.0049509736518011,en,whitechapel
act,0.0049509736518011,en,whitechapel
decide,0.0049509736518011,en,whitechapel
wish,0.0049509736518011,en,whitechapel
child,0.0049509736518011,en,whitechapel
sweet,0.0049509736518011,en,whitechapel
free,0.0049509736518011,en,whitechapel
week,0.0049115234521383,en,whitechapel
cause,0.0049115234521383,en,whitechapel
shoot,0.0049115234521383,en,whitechapel
important,0.0049115234521383,en,whitechapel
family,0.0049115234521383,en,whitechapel
wonder,0.0049115234521383,en,whitechapel
line,0.0049115234521383,en,whitechapel
brother,0.0049115234521383,en,whitechapel
bet,0.0049115234521383,en,whitechapel
room,0.0049115234521383,en,whitechapel
true,0.0049115234521383,en,whitechapel
sound,0.0049115234521383,en,whitechapel
mind,0.0049115234521383,en,whitechapel
hard,0.0049115234521383,en,whitechapel
actually,0.0049115234521383,en,whitechapel
today,0.0049115234521383,en,whitechapel
hope,0.0049115234521383,en,whitechapel
easy,0.0049115234521383,en,whitechapel
learn,0.0049115234521383,en,whitechapel
care,0.0049115234521383,en,whitechapel
savage,0.0049107187992482,en,whitechapel
intensive,0.0049107187992482,en,whitechapel
dispute,0.0049107187992482,en,whitechapel
virtually,0.0049107187992482,en,whitechapel
irritate,0.0049107187992482,en,whitechapel
blueprint,0.0049107187992482,en,whitechapel
climate,0.0048579046835936,en,whitechapel
commence,0.0048579046835936,en,whitechapel
jumpy,0.0048579046835936,en,whitechapel
headquarters,0.0048579046835936,en,whitechapel
cripple,0.0048579046835936,en,whitechapel
authentic,0.0048579046835936,en,whitechapel
belonging,0.0048579046835936,en,whitechapel
patron,0.0048579046835936,en,whitechapel
awol,0.0048062025270823,en,whitechapel
unidentified,0.0048062025270823,en,whitechapel
lad,0.004755566470751,en,whitechapel
womb,0.004755566470751,en,whitechapel
cloth,0.004755566470751,en,whitechapel
chalk,0.0047059534353576,en,whitechapel
obsessive,0.0047059534353576,en,whitechapel
diversion,0.0047059534353576,en,whitechapel
definite,0.0047059534353576,en,whitechapel
decency,0.0047059534353576,en,whitechapel
taint,0.0047059534353576,en,whitechapel
concentration,0.0046573229011681,en,whitechapel
detailed,0.0046573229011681,en,whitechapel
frightening,0.0046573229011681,en,whitechapel
incompetent,0.0046573229011681,en,whitechapel
choir,0.0046096367091267,en,whitechapel
lump,0.0046096367091267,en,whitechapel
souvenir,0.0046096367091267,en,whitechapel
kelly,0.0046096367091267,en,whitechapel
wee,0.0046096367091267,en,whitechapel
essence,0.0045628588809669,en,whitechapel
operator,0.0045628588809669,en,whitechapel
universal,0.0045169554561371,en,whitechapel
improvise,0.0045169554561371,en,whitechapel
fare,0.0045169554561371,en,whitechapel
obtain,0.0045169554561371,en,whitechapel
scarf,0.0045169554561371,en,whitechapel
postpone,0.0044718943436894,en,whitechapel
user,0.0044718943436894,en,whitechapel
glance,0.0044718943436894,en,whitechapel
lace,0.0044718943436894,en,whitechapel
daisy,0.0044718943436894,en,whitechapel
disgrace,0.0044718943436894,en,whitechapel
portion,0.004427645187515,en,whitechapel
purely,0.004427645187515,en,whitechapel
advisor,0.004427645187515,en,whitechapel
overtime,0.004427645187515,en,whitechapel
pension,0.004427645187515,en,whitechapel
reply,0.004427645187515,en,whitechapel
fetch,0.0043841792435066,en,whitechapel
handwriting,0.0043841792435066,en,whitechapel
doe,0.0043841792435066,en,whitechapel
charle,0.0043841792435066,en,whitechapel
inspection,0.0043841792435066,en,whitechapel
pond,0.0043414692674052,en,whitechapel
catholic,0.0043414692674052,en,whitechapel
registration,0.0042994894122326,en,whitechapel
perceive,0.0042994894122326,en,whitechapel
caution,0.0042994894122326,en,whitechapel
sailor,0.0042994894122326,en,whitechapel
jog,0.0042994894122326,en,whitechapel
getaway,0.0042994894122326,en,whitechapel
initiative,0.0042994894122326,en,whitechapel
eastern,0.0042582151343457,en,whitechapel
household,0.0042582151343457,en,whitechapel
discretion,0.0042582151343457,en,whitechapel
premise,0.0042582151343457,en,whitechapel
dean,0.0042582151343457,en,whitechapel
creation,0.0042176231072553,en,whitechapel
peak,0.0042176231072553,en,whitechapel
alcoholic,0.0042176231072553,en,whitechapel
discipline,0.0042176231072553,en,whitechapel
footprint,0.0042176231072553,en,whitechapel
spine,0.0042176231072553,en,whitechapel
lodge,0.0042176231072553,en,whitechapel
extension,0.0042176231072553,en,whitechapel
supper,0.0042176231072553,en,whitechapel
ambitious,0.0042176231072553,en,whitechapel
strangle,0.0042176231072553,en,whitechapel
bible,0.0041776911424524,en,whitechapel
doorstep,0.0041776911424524,en,whitechapel
peg,0.0041776911424524,en,whitechapel
origin,0.0041776911424524,en,whitechapel
alibi,0.0041776911424524,en,whitechapel
partnership,0.0041776911424524,en,whitechapel
naughty,0.0041776911424524,en,whitechapel
compassion,0.0041383981165698,en,whitechapel
antique,0.0041383981165698,en,whitechapel
amazed,0.0041383981165698,en,whitechapel
legacy,0.0041383981165698,en,whitechapel
overlook,0.0041383981165698,en,whitechapel
sustain,0.0041383981165698,en,whitechapel
thorough,0.0041383981165698,en,whitechapel
admission,0.0041383981165698,en,whitechapel
transportation,0.0041383981165698,en,whitechapel
blaze,0.0041383981165698,en,whitechapel
conviction,0.0040997239042789,en,whitechapel
riot,0.0040997239042789,en,whitechapel
landing,0.0040997239042789,en,whitechapel
british,0.0040616493163901,en,whitechapel
genuine,0.0040616493163901,en,whitechapel
enormous,0.0040616493163901,en,whitechapel
pea,0.0040616493163901,en,whitechapel
thoughtful,0.0040241560426775,en,whitechapel
specialist,0.0040241560426775,en,whitechapel
mortgage,0.0040241560426775,en,whitechapel
buckle,0.0040241560426775,en,whitechapel
backyard,0.0039872265990043,en,whitechapel
investigator,0.0039872265990043,en,whitechapel
discovery,0.0039872265990043,en,whitechapel
slash,0.0039872265990043,en,whitechapel
troubled,0.0039872265990043,en,whitechapel
disguise,0.0039508442783647,en,whitechapel
standing,0.0039508442783647,en,whitechapel
preserve,0.0039508442783647,en,whitechapel
terror,0.0039508442783647,en,whitechapel
importance,0.0039508442783647,en,whitechapel
vent,0.0039149931054997,en,whitechapel
yank,0.0039149931054997,en,whitechapel
reliable,0.0039149931054997,en,whitechapel
siren,0.0039149931054997,en,whitechapel
capital,0.0038796577947784,en,whitechapel
lunatic,0.0038796577947784,en,whitechapel
mini,0.0038448237110668,en,whitechapel
certificate,0.0038448237110668,en,whitechapel
discount,0.0038448237110668,en,whitechapel
dispatch,0.0038448237110668,en,whitechapel
lick,0.0038104768333337,en,whitechapel
bacon,0.0038104768333337,en,whitechapel
german,0.0038104768333337,en,whitechapel
identical,0.0037766037207658,en,whitechapel
synchro,0.0037766037207658,en,whitechapel
entertainment,0.0037766037207658,en,whitechapel
brace,0.0037766037207658,en,whitechapel
obligation,0.0037766037207658,en,whitechapel
helpless,0.0037766037207658,en,whitechapel
generally,0.0037766037207658,en,whitechapel
instrument,0.0037766037207658,en,whitechapel
constantly,0.003743191481189,en,whitechapel
observation,0.003743191481189,en,whitechapel
rear,0.003743191481189,en,whitechapel
gamble,0.003743191481189,en,whitechapel
craft,0.003743191481189,en,whitechapel
waiting,0.003743191481189,en,whitechapel
resort,0.003743191481189,en,whitechapel
bold,0.0037102277416091,en,whitechapel
virgin,0.0037102277416091,en,whitechapel
strongly,0.0037102277416091,en,whitechapel
bay,0.0037102277416091,en,whitechapel
appetite,0.0037102277416091,en,whitechapel
chin,0.0037102277416091,en,whitechapel
pole,0.0037102277416091,en,whitechapel
contest,0.0036777006207033,en,whitechapel
ensure,0.0036777006207033,en,whitechapel
amateur,0.0036777006207033,en,whitechapel
dismiss,0.0036455987031101,en,whitechapel
breast,0.0036455987031101,en,whitechapel
plot,0.0036455987031101,en,whitechapel
soak,0.0036455987031101,en,whitechapel
wolf,0.0036139110153781,en,whitechapel
scotch,0.0036139110153781,en,whitechapel
suspicion,0.0036139110153781,en,whitechapel
significant,0.0036139110153781,en,whitechapel
swap,0.0036139110153781,en,whitechapel
hunting,0.0036139110153781,en,whitechapel
blade,0.0036139110153781,en,whitechapel
disorder,0.0035826270034465,en,whitechapel
sore,0.0035826270034465,en,whitechapel
reserve,0.0035826270034465,en,whitechapel
formal,0.0035826270034465,en,whitechapel
factory,0.0035826270034465,en,whitechapel
inner,0.0035517365115423,en,whitechapel
bare,0.0035517365115423,en,whitechapel
organ,0.0035517365115423,en,whitechapel
slave,0.0035517365115423,en,whitechapel
gotcha,0.0035517365115423,en,whitechapel
princess,0.0035517365115423,en,whitechapel
nick,0.0035517365115423,en,whitechapel
satisfied,0.0035517365115423,en,whitechapel
promote,0.0035212297623886,en,whitechapel
severe,0.0035212297623886,en,whitechapel
killing,0.0035212297623886,en,whitechapel
belief,0.0035212297623886,en,whitechapel
commercial,0.0035212297623886,en,whitechapel
tissue,0.0035212297623886,en,whitechapel
examine,0.0035212297623886,en,whitechapel
rubber,0.0035212297623886,en,whitechapel
baseball,0.0035212297623886,en,whitechapel
shave,0.0034910973386262,en,whitechapel
distraction,0.0034910973386262,en,whitechapel
pierce,0.0034910973386262,en,whitechapel
palm,0.0034910973386262,en,whitechapel
scrub,0.0034910973386262,en,whitechapel
terrific,0.003461330165363,en,whitechapel
secretary,0.003461330165363,en,whitechapel
management,0.003461330165363,en,whitechapel
indicate,0.003461330165363,en,whitechapel
strict,0.003461330165363,en,whitechapel
haunt,0.0034319194937664,en,whitechapel
pit,0.0034319194937664,en,whitechapel
resolve,0.0034319194937664,en,whitechapel
oxygen,0.0034319194937664,en,whitechapel
assistance,0.0034319194937664,en,whitechapel
thumb,0.0034319194937664,en,whitechapel
grip,0.0034319194937664,en,whitechapel
alternative,0.0034319194937664,en,whitechapel
mug,0.0034028568856281,en,whitechapel
corpse,0.0034028568856281,en,whitechapel
foreign,0.0033741341988311,en,whitechapel
tempt,0.0033741341988311,en,whitechapel
interfere,0.0033741341988311,en,whitechapel
rely,0.0033741341988311,en,whitechapel
imply,0.0033741341988311,en,whitechapel
diamond,0.0033741341988311,en,whitechapel
immediate,0.0033741341988311,en,whitechapel
thirsty,0.0033741341988311,en,whitechapel
previous,0.0033457435736566,en,whitechapel
fruit,0.0033457435736566,en,whitechapel
reward,0.0033457435736566,en,whitechapel
saint,0.0033457435736566,en,whitechapel
fella,0.0033457435736566,en,whitechapel
eliminate,0.0033176774198741,en,whitechapel
urgent,0.0033176774198741,en,whitechapel
complaint,0.0033176774198741,en,whitechapel
senior,0.0033176774198741,en,whitechapel
incredibly,0.0032899284045599,en,whitechapel
propose,0.0032899284045599,en,whitechapel
photograph,0.0032899284045599,en,whitechapel
pie,0.0032899284045599,en,whitechapel
tragic,0.0032624894405971,en,whitechapel
iron,0.0032624894405971,en,whitechapel
punishment,0.0032624894405971,en,whitechapel
rib,0.0032624894405971,en,whitechapel
underground,0.0032624894405971,en,whitechapel
confession,0.0032624894405971,en,whitechapel
slightly,0.0032624894405971,en,whitechapel
warrant,0.0032624894405971,en,whitechapel
obsess,0.0032624894405971,en,whitechapel
teenager,0.0032624894405971,en,whitechapel
resource,0.0032624894405971,en,whitechapel
fifth,0.0032353536758108,en,whitechapel
got,0.0032353536758108,en,whitechapel
milk,0.0032085144826963,en,whitechapel
typical,0.0032085144826963,en,whitechapel
escort,0.0032085144826963,en,whitechapel
confess,0.0032085144826963,en,whitechapel
outta,0.0032085144826963,en,whitechapel
stretch,0.0032085144826963,en,whitechapel
conscience,0.0032085144826963,en,whitechapel
violence,0.0032085144826963,en,whitechapel
document,0.0032085144826963,en,whitechapel
sandwich,0.0032085144826963,en,whitechapel
delicious,0.0031819654487039,en,whitechapel
expense,0.0031819654487039,en,whitechapel
loyalty,0.0031819654487039,en,whitechapel
extend,0.0031819654487039,en,whitechapel
reputation,0.0031819654487039,en,whitechapel
engine,0.0031819654487039,en,whitechapel
trunk,0.0031819654487039,en,whitechapel
wallet,0.0031819654487039,en,whitechapel
cloud,0.0031819654487039,en,whitechapel
prepared,0.0031819654487039,en,whitechapel
height,0.0031819654487039,en,whitechapel
establish,0.0031557003670417,en,whitechapel
rope,0.0031557003670417,en,whitechapel
scale,0.0031557003670417,en,whitechapel
ease,0.0031557003670417,en,whitechapel
invent,0.0031557003670417,en,whitechapel
monitor,0.0031297132279667,en,whitechapel
estate,0.0031297132279667,en,whitechapel
mercy,0.0031297132279667,en,whitechapel
series,0.0031297132279667,en,whitechapel
generous,0.0031297132279667,en,whitechapel
brown,0.0031297132279667,en,whitechapel
host,0.0031297132279667,en,whitechapel
flame,0.0031297132279667,en,whitechapel
explode,0.0031297132279667,en,whitechapel
average,0.0031297132279667,en,whitechapel
tattoo,0.0031297132279667,en,whitechapel
fund,0.0031297132279667,en,whitechapel
effective,0.0031297132279667,en,whitechapel
signature,0.0031297132279667,en,whitechapel
twist,0.0031297132279667,en,whitechapel
investigate,0.0031039982105304,en,whitechapel
cap,0.0031039982105304,en,whitechapel
paperwork,0.0031039982105304,en,whitechapel
vehicle,0.0031039982105304,en,whitechapel
clever,0.0031039982105304,en,whitechapel
tank,0.0031039982105304,en,whitechapel
ashamed,0.0031039982105304,en,whitechapel
blank,0.0030785496747531,en,whitechapel
impress,0.0030785496747531,en,whitechapel
backup,0.0030785496747531,en,whitechapel
procedure,0.0030785496747531,en,whitechapel
bind,0.0030533621541991,en,whitechapel
juice,0.0030533621541991,en,whitechapel
frame,0.0030533621541991,en,whitechapel
lover,0.0030533621541991,en,whitechapel
tick,0.0030533621541991,en,whitechapel
darling,0.0030533621541991,en,whitechapel
uniform,0.0030533621541991,en,whitechapel
prevent,0.0030533621541991,en,whitechapel
aid,0.0030533621541991,en,whitechapel
patch,0.0030284303489289,en,whitechapel
boot,0.0030284303489289,en,whitechapel
current,0.0030284303489289,en,whitechapel
log,0.0030284303489289,en,whitechapel
military,0.0030284303489289,en,whitechapel
west,0.0030284303489289,en,whitechapel
pet,0.0030284303489289,en,whitechapel
meaning,0.0030284303489289,en,whitechapel
belt,0.0030284303489289,en,whitechapel
knowledge,0.0030284303489289,en,whitechapel
grateful,0.0030284303489289,en,whitechapel
compromise,0.0030037491188057,en,whitechapel
coincidence,0.0030037491188057,en,whitechapel
garden,0.0030037491188057,en,whitechapel
creep,0.0030037491188057,en,whitechapel
pride,0.0030037491188057,en,whitechapel
random,0.0030037491188057,en,whitechapel
colleague,0.0030037491188057,en,whitechapel
map,0.0029793134771348,en,whitechapel
recent,0.0029793134771348,en,whitechapel
profile,0.0029793134771348,en,whitechapel
habit,0.0029793134771348,en,whitechapel
chat,0.0029793134771348,en,whitechapel
justice,0.0029793134771348,en,whitechapel
hundred,0.0029551185846162,en,whitechapel
lack,0.0029551185846162,en,whitechapel
sample,0.0029551185846162,en,whitechapel
cheap,0.0029551185846162,en,whitechapel
alcohol,0.0029551185846162,en,whitechapel
ability,0.0029551185846162,en,whitechapel
occur,0.0029551185846162,en,whitechapel
strip,0.0029551185846162,en,whitechapel
decent,0.0029311597435925,en,whitechapel
spirit,0.0029311597435925,en,whitechapel
fantastic,0.0029311597435925,en,whitechapel
worker,0.0029311597435925,en,whitechapel
proper,0.0029311597435925,en,whitechapel
manager,0.0029311597435925,en,whitechapel
sugar,0.0029311597435925,en,whitechapel
assistant,0.0029311597435925,en,whitechapel
opposite,0.0029311597435925,en,whitechapel
nuts,0.0029311597435925,en,whitechapel
package,0.0029311597435925,en,whitechapel
fry,0.0029311597435925,en,whitechapel
easily,0.0029074323925748,en,whitechapel
normally,0.0029074323925748,en,whitechapel
bedroom,0.0029074323925748,en,whitechapel
actual,0.0029074323925748,en,whitechapel
privacy,0.0029074323925748,en,whitechapel
miracle,0.0029074323925748,en,whitechapel
perform,0.0029074323925748,en,whitechapel
cream,0.0029074323925748,en,whitechapel
flesh,0.0028839321010298,en,whitechapel
medium,0.0028839321010298,en,whitechapel
pardon,0.0028839321010298,en,whitechapel
ghost,0.0028839321010298,en,whitechapel
science,0.0028839321010298,en,whitechapel
sing,0.0028839321010298,en,whitechapel
drown,0.0028839321010298,en,whitechapel
traffic,0.0028839321010298,en,whitechapel
incident,0.002860654564415,en,whitechapel
helpful,0.002860654564415,en,whitechapel
protection,0.002860654564415,en,whitechapel
expose,0.002860654564415,en,whitechapel
stake,0.002860654564415,en,whitechapel
complain,0.002860654564415,en,whitechapel
fancy,0.002860654564415,en,whitechapel
queen,0.002860654564415,en,whitechapel
loser,0.002860654564415,en,whitechapel
dozen,0.002860654564415,en,whitechapel
character,0.002860654564415,en,whitechapel
jacket,0.002860654564415,en,whitechapel
entirely,0.0028375955994462,en,whitechapel
stare,0.0028375955994462,en,whitechapel
fully,0.0028375955994462,en,whitechapel
silly,0.0028375955994462,en,whitechapel
badly,0.0028375955994462,en,whitechapel
stone,0.0028375955994462,en,whitechapel
argue,0.0028375955994462,en,whitechapel
sharp,0.0028375955994462,en,whitechapel
gain,0.0028375955994462,en,whitechapel
print,0.0028147511395852,en,whitechapel
american,0.0028147511395852,en,whitechapel
criminal,0.0028147511395852,en,whitechapel
dare,0.0028147511395852,en,whitechapel
truly,0.0028147511395852,en,whitechapel
meat,0.0028147511395852,en,whitechapel
weak,0.0028147511395852,en,whitechapel
teacher,0.0027921172307361,en,whitechapel
tool,0.0027921172307361,en,whitechapel
church,0.0027921172307361,en,whitechapel
possibility,0.0027921172307361,en,whitechapel
career,0.0027921172307361,en,whitechapel
bird,0.0027921172307361,en,whitechapel
usual,0.0027921172307361,en,whitechapel
bathroom,0.0027921172307361,en,whitechapel
tail,0.0027696900271375,en,whitechapel
potential,0.0027696900271375,en,whitechapel
song,0.0027696900271375,en,whitechapel
tape,0.0027696900271375,en,whitechapel
bell,0.0027696900271375,en,whitechapel
back,0.0027696900271375,en,whitechapel
specific,0.0027696900271375,en,whitechapel
radio,0.0027474657874405,en,whitechapel
panic,0.0027474657874405,en,whitechapel
harm,0.0027474657874405,en,whitechapel
regret,0.0027474657874405,en,whitechapel
roof,0.0027474657874405,en,whitechapel
sex,0.0027474657874405,en,whitechapel
source,0.0027474657874405,en,whitechapel
god,0.0027474657874405,en,whitechapel
alarm,0.0027474657874405,en,whitechapel
size,0.0027474657874405,en,whitechapel
chest,0.0027474657874405,en,whitechapel
hardly,0.0027474657874405,en,whitechapel
living,0.0027254408709631,en,whitechapel
faith,0.0027254408709631,en,whitechapel
liar,0.0027254408709631,en,whitechapel
recently,0.0027254408709631,en,whitechapel
view,0.0027254408709631,en,whitechapel
soft,0.0027254408709631,en,whitechapel
official,0.0027254408709631,en,whitechapel
grand,0.0027254408709631,en,whitechapel
bill,0.0027036117341107,en,whitechapel
pair,0.0027036117341107,en,whitechapel
practice,0.0027036117341107,en,whitechapel
asleep,0.0027036117341107,en,whitechapel
access,0.0027036117341107,en,whitechapel
part,0.0027036117341107,en,whitechapel
bite,0.0027036117341107,en,whitechapel
crack,0.0027036117341107,en,whitechapel
shirt,0.0027036117341107,en,whitechapel
guilty,0.0027036117341107,en,whitechapel
connect,0.0027036117341107,en,whitechapel
process,0.0026819749269547,en,whitechapel
ice,0.0026819749269547,en,whitechapel
final,0.0026819749269547,en,whitechapel
load,0.0026819749269547,en,whitechapel
male,0.0026819749269547,en,whitechapel
switch,0.0026819749269547,en,whitechapel
thinking,0.0026819749269547,en,whitechapel
loose,0.0026819749269547,en,whitechapel
ignore,0.0026819749269547,en,whitechapel
borrow,0.0026819749269547,en,whitechapel
blue,0.0026819749269547,en,whitechapel
roll,0.0026605270899597,en,whitechapel
aware,0.0026605270899597,en,whitechapel
suddenly,0.0026605270899597,en,whitechapel
proof,0.0026605270899597,en,whitechapel
concerned,0.0026605270899597,en,whitechapel
bottle,0.0026605270899597,en,whitechapel
drag,0.0026605270899597,en,whitechapel
pocket,0.0026605270899597,en,whitechapel
direction,0.0026605270899597,en,whitechapel
belong,0.0026392649508533,en,whitechapel
music,0.0026392649508533,en,whitechapel
rid,0.0026392649508533,en,whitechapel
wonderful,0.0026392649508533,en,whitechapel
congratulation,0.0026392649508533,en,whitechapel
bone,0.0026392649508533,en,whitechapel
dirty,0.0026392649508533,en,whitechapel
huge,0.0026392649508533,en,whitechapel
space,0.0026392649508533,en,whitechapel
fat,0.0026392649508533,en,whitechapel
mad,0.0026392649508533,en,whitechapel
kitchen,0.0026392649508533,en,whitechapel
cook,0.0026181853216296,en,whitechapel
spread,0.0026181853216296,en,whitechapel
relationship,0.0026181853216296,en,whitechapel
shock,0.0026181853216296,en,whitechapel
possibly,0.0026181853216296,en,whitechapel
drug,0.0026181853216296,en,whitechapel
familiar,0.0026181853216296,en,whitechapel
scream,0.0026181853216296,en,whitechapel
class,0.0026181853216296,en,whitechapel
rock,0.0026181853216296,en,whitechapel
warn,0.0026181853216296,en,whitechapel
convince,0.0026181853216296,en,whitechapel
tip,0.0026181853216296,en,whitechapel
bar,0.0026181853216296,en,whitechapel
sweetheart,0.0026181853216296,en,whitechapel
sad,0.0026181853216296,en,whitechapel
escape,0.0026181853216296,en,whitechapel
quit,0.0026181853216296,en,whitechapel
opportunity,0.0025972850956807,en,whitechapel
discuss,0.0025972850956807,en,whitechapel
scare,0.0025972850956807,en,whitechapel
certain,0.0025972850956807,en,whitechapel
neck,0.0025972850956807,en,whitechapel
afternoon,0.0025972850956807,en,whitechapel
bitch,0.0025972850956807,en,whitechapel
avoid,0.0025972850956807,en,whitechapel
art,0.0025972850956807,en,whitechapel
upset,0.0025972850956807,en,whitechapel
strike,0.0025972850956807,en,whitechapel
station,0.0025972850956807,en,whitechapel
relax,0.0025765612450488,en,whitechapel
ear,0.0025765612450488,en,whitechapel
experience,0.0025765612450488,en,whitechapel
future,0.0025765612450488,en,whitechapel
form,0.0025765612450488,en,whitechapel
responsible,0.0025765612450488,en,whitechapel
action,0.0025765612450488,en,whitechapel
obvious,0.0025765612450488,en,whitechapel
cost,0.0025765612450488,en,whitechapel
clearly,0.0025765612450488,en,whitechapel
voice,0.0025765612450488,en,whitechapel
doubt,0.0025560108177938,en,whitechapel
pack,0.0025560108177938,en,whitechapel
risk,0.0025560108177938,en,whitechapel
marry,0.0025560108177938,en,whitechapel
box,0.0025560108177938,en,whitechapel
jump,0.0025560108177938,en,whitechapel
hungry,0.0025560108177938,en,whitechapel
manage,0.0025560108177938,en,whitechapel
usually,0.0025560108177938,en,whitechapel
account,0.0025560108177938,en,whitechapel
train,0.0025560108177938,en,whitechapel
strange,0.0025356309354693,en,whitechapel
age,0.0025356309354693,en,whitechapel
owe,0.0025356309354693,en,whitechapel
cross,0.0025356309354693,en,whitechapel
lucky,0.0025356309354693,en,whitechapel
grow,0.0025356309354693,en,whitechapel
dog,0.0025356309354693,en,whitechapel
service,0.0025356309354693,en,whitechapel
concern,0.0025356309354693,en,whitechapel
ring,0.0025356309354693,en,whitechapel
proud,0.0025356309354693,en,whitechapel
air,0.0025356309354693,en,whitechapel
joke,0.0025356309354693,en,whitechapel
explain,0.0025154187907034,en,whitechapel
accord,0.0025154187907034,en,whitechapel
inside,0.0025154187907034,en,whitechapel
dig,0.0025154187907034,en,whitechapel
strong,0.0025154187907034,en,whitechapel
bear,0.0025154187907034,en,whitechapel
cell,0.0025154187907034,en,whitechapel
single,0.0025154187907034,en,whitechapel
one,0.0025154187907034,en,whitechapel
safe,0.0024953716448777,en,whitechapel
welcome,0.0024953716448777,en,whitechapel
fault,0.0024953716448777,en,whitechapel
brain,0.0024953716448777,en,whitechapel
information,0.0024953716448777,en,whitechapel
begin,0.0024953716448777,en,whitechapel
disappear,0.0024953716448777,en,whitechapel
push,0.0024953716448777,en,whitechapel
notice,0.0024953716448777,en,whitechapel
return,0.0024953716448777,en,whitechapel
entire,0.0024953716448777,en,whitechapel
cold,0.0024953716448777,en,whitechapel
wall,0.0024953716448777,en,whitechapel
simple,0.0024953716448777,en,whitechapel
war,0.0024953716448777,en,whitechapel
soon,0.0024754868259005,en,whitechapel
feed,0.0024754868259005,en,whitechapel
key,0.0024754868259005,en,whitechapel
mention,0.0024754868259005,en,whitechapel
quiet,0.0024754868259005,en,whitechapel
sell,0.0024754868259005,en,whitechapel
worry,0.0024754868259005,en,whitechapel
join,0.0024754868259005,en,whitechapel
touch,0.0024754868259005,en,whitechapel
finish,0.0024754868259005,en,whitechapel
story,0.0024754868259005,en,whitechapel
busy,0.0024754868259005,en,whitechapel
news,0.0024754868259005,en,whitechapel
stupid,0.0024754868259005,en,whitechapel
deal,0.0024754868259005,en,whitechapel
reason,0.0024557617260691,en,whitechapel
late,0.0024557617260691,en,whitechapel
fight,0.0024557617260691,en,whitechapel
afraid,0.0024557617260691,en,whitechapel
move,0.0024557617260691,en,whitechapel
month,0.0024557617260691,en,whitechapel
count,0.0024557617260691,en,whitechapel
guess,0.0024557617260691,en,whitechapel
sleep,0.0024557617260691,en,whitechapel
drop,0.0024557617260691,en,whitechapel
able,0.0024557617260691,en,whitechapel
offer,0.0024557617260691,en,whitechapel
far,0.0024557617260691,en,whitechapel
truth,0.0024557617260691,en,whitechapel
special,0.0024557617260691,en,whitechapel
